id_parliament,First name,Last name,Full name,Party,Government position,Phone,Parliamentary phone number,Constituency phone number,Parliamentary email address,Constituency email address
3898,Lord,Aberdare,Lord Aberdare,Crossbench,,020 7219 6861,020 7219 6861,,aberdarea@parliament.uk,
631,Baroness,Adams of Craigielea,Baroness Adams of Craigielea,Labour,,020 7219 5353,020 7219 5353,,contactholmember@parliament.uk,
3453,Lord,Addington,Lord Addington,Liberal Democrat,,020 7219 5353,020 7219 5353,,contactholmember@parliament.uk,
2175,Lord,Adebowale,Lord Adebowale,Crossbench,,020 7219 5353,020 7219 5353,,contactholmember@parliament.uk,
3743,Lord,Adonis,Lord Adonis,Labour,,020 7219 3000,020 7219 3000,,adonisa@parliament.uk,
4689,Agnew,of Oulton,Lord Agnew of Oulton,Conservative,,020 7219 5353,020 7219 5353,,contactholmember@parliament.uk,
4210,Ahmad,of Wimbledon,Lord Ahmad of Wimbledon,Conservative,,020 7219 2807,020 7219 2807,,ahmadt@parliament.uk,
3478,Lord,Alderdice,Lord Alderdice,Liberal Democrat,,020 7219 5050,020 7219 5050,,alderdicej@parliament.uk,
5394,Baroness,Alexander of Cleveden,Baroness Alexander of Cleveden,Labour,,020 7219 5353,020 7219 5353,,alexanderw@parliament.uk,
397,Allan,of Hallam,Lord Allan of Hallam,Non-affiliated,,020 7219 5353,020 7219 5353,,contactholmember@parliament.uk,
4304,Allen,of Kensington,Lord Allen of Kensington,Labour,,020 7766 6065,020 7766 6065,,allenc@parliament.uk,
3482,Lord,Alli,Lord Alli,Labour,,020 7219 5353,020 7219 5353,,contactholmember@parliament.uk,
4533,Baroness,Altmann,Baroness Altmann,Non-affiliated,,020 7219 3000,020 7219 3000,,altmannr@parliament.uk,
738,Alton,of Liverpool,Lord Alton of Liverpool,Crossbench,,020 7219 3551,020 7219 3551,,altond@parliament.uk,
4921,Lord,Altrincham,Lord Altrincham,Conservative,,020 7219 5353,020 7219 5353,,contactholmember@parliament.uk,
3477,Baroness,Amos,Baroness Amos,Labour,,020 7219 3000,020 7219 3000,,contactholmember@parliament.uk,
4705,Anderson,of Ipswich,Lord Anderson of Ipswich,Crossbench,,020 7219 5353,020 7219 5353,,andersondw@parliament.uk,
4508,Baroness,Anderson of Stoke-on-Trent,Baroness Anderson of Stoke-on-Trent,Labour,Baroness in Waiting,020 7219 3000,020 7219 3000,,andersonr@parliament.uk,
568,Anderson,of Swansea,Lord Anderson of Swansea,Labour,,020 7219 300,020 7219 300,,contactholmember@parliament.uk,
2534,Baroness,Andrews,Baroness Andrews,Labour,,020 7219 5353,020 7219 5353,,contactholmember@parliament.uk,
3474,Baroness,Anelay of St Johns,Baroness Anelay of St Johns,Conservative,,020 7219 5353,020 7219 5353,,contactholmember@parliament.uk,
56,Arbuthnot,of Edrom,Lord Arbuthnot of Edrom,Conservative,,020 7219 3000,020 7219 3000,,arbuthnotj@parliament.uk,
4150,Baroness,Armstrong of Hill Top,Baroness Armstrong of Hill Top,Labour,,020 7219 5353,020 7219 5353,,armstrongh@parliament.uk,
3433,The,Earl of Arran,The Earl of Arran,Conservative,,,,,,
4957,Lord,Ashcombe,Lord Ashcombe,Conservative,,020 7219 5353,020 7219 5353,,contactholmember@parliament.uk,
4247,Ashton,of Hyde,Lord Ashton of Hyde,Non-affiliated,,,,,,
2500,Baroness,Ashton of Upholland,Baroness Ashton of Upholland,Labour,,020 7219 5353,020 7219 5353,,contactholmember@parliament.uk,
3429,Viscount,Astor,Viscount Astor,Conservative,,020 7219 5353,020 7219 5353,,contactholmember@parliament.uk,
3425,Earl,Attlee,Earl Attlee,Conservative,,020 7219 6071,020 7219 6071,,attleej@parliament.uk,
1511,Austin,of Dudley,Lord Austin of Dudley,Non-affiliated,,020 7219 5353,020 7219 5353,,contactholmember@parliament.uk,
3451,Lord,Bach,Lord Bach,Labour,,020 7219 5353,020 7219 5353,,contactholmember@parliament.uk,
4987,Bailey,of Paddington,Lord Bailey of Paddington,Conservative,,020 7219 5353,020 7219 5353,,contactholmember@parliament.uk,
1028,Baker,of Dorking,Lord Baker of Dorking,Conservative,,020 7219 5353,020 7219 5353,,contactholmember@parliament.uk,
4223,Baroness,Bakewell,Baroness Bakewell,Labour,,020 7219 5353,020 7219 5353,,contactholmember@parliament.uk,
4285,Baroness,Bakewell of Hardington Mandeville,Baroness Bakewell of Hardington Mandeville,Liberal Democrat,,020 7219 8310,020 7219 8310,,bakewellc@parliament.uk,
4302,Lord,Balfe,Lord Balfe,Conservative,,020 7219 8710,020 7219 8710,,richard.balfe@parliament.uk,
5014,Lord,Banner,Lord Banner,Conservative,,,,,,
5377,Barber,of Ainsdale,Lord Barber of Ainsdale,Labour,,020 7219 5353,020 7219 5353,,contactholmember@parliament.uk,
2501,Baroness,Barker,Baroness Barker,Liberal Democrat,,020 7219 2955,020 7219 2955,,contactholmember@parliament.uk,
4703,Baroness,Barran,Baroness Barran,Conservative,,020 7219 5353,020 7219 5353,,contactholmember@parliament.uk,
3504,Bassam,of Brighton,Lord Bassam of Brighton,Labour,,020 7219 5353,020 7219 5353,,bassams@parliament.uk,
1091,Lord,Bates,Lord Bates,Conservative,,020 7219 6528,020 7219 6528,,batesm@parliament.uk,
5367,Baroness,Batters,Baroness Batters,Crossbench,,020 7219 5353,020 7219 5353,,contactholmember@parliament.uk,
1438,Lord,Beamish,Lord Beamish,Labour,,020 7219 5353,020 7219 5353,,beamish@parliament.uk,
328,Baroness,Beckett,Baroness Beckett,Labour,,,,,,
513,Lord,Beith,Lord Beith,Liberal Democrat,,020 7219 3540,020 7219 3540,,beithalanj@gmail.com,
4941,Lord,Bellamy,Lord Bellamy,Conservative,,020 7219 5353,020 7219 5353,,contactholmember@parliament.uk,
1441,Lord,Bellingham,Lord Bellingham,Conservative,,020 7219 5353,020 7219 5353,,contactholmember@parliament.uk,
4167,Baroness,Benjamin,Baroness Benjamin,Liberal Democrat,,020 7219 8901,020 7219 8901,,benjaminf@parliament.uk,
4719,Baroness,Bennett of Manor Castle,Baroness Bennett of Manor Castle,Green Party,,020 7219 5353,020 7219 5353,,bennettn@parliament.uk,
1547,Lord,Benyon,Lord Benyon,Crossbench,,020 7219 5353,020 7219 5353,,benyonr@parliament.uk,
4036,Baroness,Berger,Baroness Berger,Labour,,020 7219 3494,020 7219 3494,,bergerl@parliament.uk,
3526,Lord,Berkeley,Lord Berkeley,Labour,,020 7219 5353,020 7219 5353,,berkeleyafg@parliament.uk,
4276,Berkeley,of Knighton,Lord Berkeley of Knighton,Crossbench,,020 7219 5353,020 7219 5353,,contactholmember@parliament.uk,
4218,Baroness,Berridge,Baroness Berridge,Conservative,,020 7219 8943,020 7219 8943,,contactholmember@parliament.uk,
4577,Baroness,Bertin,Baroness Bertin,Conservative,,020 7219 5353,020 7219 5353,,contactholmember@parliament.uk,
3605,Lord,Best,Lord Best,Crossbench,,020 7219 6799,020 7219 6799,,best@parliament.uk,
4708,Lord,Bethell,Lord Bethell,Conservative,,020 7219 5711,020 7219 5711,,bethellj@parliament.uk,
3832,Lord,Bew,Lord Bew,Crossbench,,020 7219 5353,020 7219 5353,,bewp@parliament.uk,
3863,Lord,Bichard,Lord Bichard,Crossbench,,020 7219 5353,020 7219 5353,,contactholmember@parliament.uk,
5380,Lord,Biggar,Lord Biggar,Conservative,,020 7219 5353,020 7219 5353,,biggarn@parliament.uk,
3809,Lord,Bilimoria,Lord Bilimoria,Crossbench,,020 7219 5353,020 7219 5353,,contactholmember@parliament.uk,
2538,Baroness,Billingham,Baroness Billingham,Labour,,02072195353,02072195353,,a.billingham77@btinternet.com,
4564,Lord,Bird,Lord Bird,Crossbench,,020 7219 5353,020 7219 5353,,birdja@parliament.uk,
2533,Lord,Birt,Lord Birt,Crossbench,,020 7219 8723,020 7219 8723,,birtj@parliament.uk,
4171,Black,of Brentwood,Lord Black of Brentwood,Conservative,,020 7219 5353,020 7219 5353,,blackgv@parliament.uk,
4915,Baroness,Black of Strome,Baroness Black of Strome,Crossbench,,020 7219 5353,020 7219 5353,,contactholmember@parliament.uk,
3561,Baroness,Blackstone,Baroness Blackstone,Labour,,020 7219 5409,020 7219 5409,,blackstonet@parliament.uk,
3550,Lord,Blackwell,Lord Blackwell,Conservative,,020 7219 5353,020 7219 5353,,contactholmember@parliament.uk,
4019,Baroness,Blackwood of North Oxford,Baroness Blackwood of North Oxford,Conservative,,020 7219 5353,020 7219 5353,,contactholmember@parliament.uk,
4182,Blair,of Boughton,Lord Blair of Boughton,Crossbench,,020 7219 5353,020 7219 5353,,contactholmember@parliament.uk,
4912,Baroness,Blake of Leeds,Baroness Blake of Leeds,Labour,Baroness in Waiting,020 7219 5353,020 7219 5353,,contactholmember@parliament.uk,
497,Lord,Blencathra,Lord Blencathra,Conservative,,020 7219 5353,020 7219 5353,,contactholmember@parliament.uk,
4582,Baroness,Bloomfield of Hinton Waldrist,Baroness Bloomfield of Hinton Waldrist,Conservative,,020 7219 5353,020 7219 5353,,bloomfieldo@parliament.uk,
4724,Baroness,Blower,Baroness Blower,Labour,,020 7219 5353,020 7219 5353,,blowerc@parliament.uk,
395,Lord,Blunkett,Lord Blunkett,Labour,,020 7219 5353,020 7219 5353,,contactholmember@parliament.uk,
147,Lord,Boateng,Lord Boateng,Labour,,020 7219 3000,020 7219 3000,,boatengp@parliament.uk,
3699,Baroness,Bonham-Carter of Yarnbury,Baroness Bonham-Carter of Yarnbury,Liberal Democrat,,020 7219 5353,020 7219 5353,,contactholmember@parliament.uk,
5016,Lord,Booth,Lord Booth,Conservative,,020 7219 5353,020 7219 5353,,contactholmember@parliament.uk,
5368,Lord,Booth-Smith,Lord Booth-Smith,Conservative,,020 7219 5353,020 7219 5353,,boothsmithl@parliament.uk,
4281,Lord,Borwick,Lord Borwick,Conservative,,020 7219 5353,020 7219 5353,,"borwickgr@parliament.uk; Laura Blake, Assistant: blakelj@parliament.uk",
352,Boswell,of Aynho,Lord Boswell of Aynho,Non-affiliated,,020 7219 5353,020 7219 5353,,contactholmember@parliament.uk,
4884,Lord,Botham,Lord Botham,Crossbench,,020 7219 5353,020 7219 5353,,contactholmember@parliament.uk,
106,Baroness,Bottomley of Nettlestone,Baroness Bottomley of Nettlestone,Conservative,,020 7219 1060,020 7219 1060,,contactholmember@parliament.uk,
4282,Bourne,of Aberystwyth,Lord Bourne of Aberystwyth,Conservative,,020 7219 5353,020 7219 5353,,contactholmember@parliament.uk,
5385,Baroness,Bousted,Baroness Bousted,Labour,,020 7219 5353,020 7219 5353,,contactholmember@parliament.uk,
4562,Baroness,Bowles of Berkhamsted,Baroness Bowles of Berkhamsted,Liberal Democrat,,020 7219 5353,020 7219 5353,,contactholmember@parliament.uk,
3496,Lord,Bowness,Lord Bowness,Crossbench,,020 7219 5353,020 7219 5353,,contactholmember@parliament.uk,
4704,Baroness,Boycott,Baroness Boycott,Crossbench,,020 7219 5353,020 7219 5353,,contactholmember@parliament.uk,
452,Lord,Bradley,Lord Bradley,Labour,,020 7219 4207,020 7219 4207,,bradleykj@parliament.uk,
2483,Lord,Bradshaw,Lord Bradshaw,Liberal Democrat,,020 7219 8621,020 7219 8621,,bradshaww@parliament.uk,
4339,Baroness,Brady,Baroness Brady,Conservative,,020 7219 5353,020 7219 5353,,bradyk@parliament.uk,
435,Brady,of Altrincham,Lord Brady of Altrincham,Conservative,,020 7219 5353,020 7219 5353,,contactholmember@parliament.uk,
3514,Lord,Bragg,Lord Bragg,Labour,,020 7219 5353,020 7219 5353,,contactholmember@parliament.uk,
3979,Baroness,Bray of Coln,Baroness Bray of Coln,Conservative,,020 7219 5353,020 7219 5353,,contactholmember@parliament.uk,
2550,Lord,Brennan,Lord Brennan,Non-affiliated,,020 7219 5353,020 7219 5353,,contactholmember@parliament.uk,
1400,Brennan,of Canton,Lord Brennan of Canton,Labour,,020 7219 5353,020 7219 5353,,contactholmember@parliament.uk,
3515,Viscount,Bridgeman,Viscount Bridgeman,Conservative,,020 7219 3000,020 7219 3000,,contactholmember@parliament.uk,
4535,Bridges,of Headley,Lord Bridges of Headley,Conservative,,020 7219 5353,020 7219 5353,,contactholmember@parliament.uk,
4241,Baroness,Brinton,Baroness Brinton,Liberal Democrat,,020 7219 5353,020 7219 5353,,contactholmember@parliament.uk,
4709,The,Bishop of Bristol,The Lord Bishop of Bristol,Bishops,,020 7219 5353,020 7219 5353,,contactholmember@parliament.uk,
3335,Brooke,of Alverthorpe,Lord Brooke of Alverthorpe,Labour,,020 7219 5353,020 7219 5353,,contactholmember@parliament.uk,
3333,Viscount,Brookeborough,Viscount Brookeborough,Crossbench,,020 7219 1668,020 7219 1668,,contactholmember@parliament.uk,
4565,Baroness,Brown of Cambridge,Baroness Brown of Cambridge,Crossbench,,020 7219 5463,020 7219 5463,,kingjb@parliament.uk,
1583,Baroness,Brown of Silvertown,Baroness Brown of Silvertown,Labour,,020 7219 5353,020 7219 5353,,contactholmember@parliament.uk,
3801,Browne,of Belmont,Lord Browne of Belmont,Democratic Unionist Party,,020 7219 5353,020 7219 5353,,brownew@parliament.uk,
620,Browne,of Ladyton,Lord Browne of Ladyton,Labour,,020 7219 4501,020 7219 4501,,browned@parliament.uk,
2172,Browne,of Madingley,Lord Browne of Madingley,Crossbench,,020 7219 5353,020 7219 5353,,,
236,Baroness,Browning,Baroness Browning,Conservative,,020 7219 5353,020 7219 5353,,contactholmember@parliament.uk,
4720,Brownlow,of Shurlock Row,Lord Brownlow of Shurlock Row,Conservative,,020 7219 5353,020 7219 5353,,contactholmember@parliament.uk,
615,Bruce,of Bennachie,Lord Bruce of Bennachie,Liberal Democrat,,020 7219 5353,020 7219 5353,,contactholmember@parliament.uk,
4701,Baroness,Bryan of Partick,Baroness Bryan of Partick,Labour,,020 7219 5353,020 7219 5353,,bryanp@parliament.uk,
4706,Baroness,Bull,Baroness Bull,Crossbench,,020 7219 5353,020 7219 5353,,contactholmember@parliament.uk,
238,Lord,Burnett,Lord Burnett,Liberal Democrat,,020 7219 5353,020 7219 5353,,contactholmember@parliament.uk,
4691,Burnett,of Maldon,Lord Burnett of Maldon,Crossbench,,020 7219 3156,020 7219 3156,,burnetti@parliament.uk,
3351,Lord,Burns,Lord Burns,Crossbench,,020 7219 5353,020 7219 5353,,contactholmember@parliament.uk,
1567,Baroness,Burt of Solihull,Baroness Burt of Solihull,Liberal Democrat,,020 7219 8269,020 7219 8269,,burtl@parliament.uk,
3349,Baroness,Buscombe,Baroness Buscombe,Conservative,,020 7219 5353,020 7219 5353,,contactholmember@parliament.uk,
3337,Butler,of Brockwell,Lord Butler of Brockwell,Crossbench,,020 7219 3000,020 7219 3000,,lord.butler@univ.ox.ac.uk,
3804,Baroness,Butler-Sloss,Baroness Butler-Sloss,Crossbench,,020 7219 3156,020 7219 3156,,butlerslosse@parliament.uk,
4581,Lord,Caine,Lord Caine,Conservative,,020 7219 5353,020 7219 5353,,contactholmember@parliament.uk,
5391,Baroness,Caine of Kentish Town,Baroness Caine of Kentish Town,Labour,,020 7219 5353,020 7219 5353,,cainede@parliament.uk,
3310,The,Earl of Caithness,The Earl of Caithness,Conservative,,020 7219 5353,020 7219 5353,,contactholmember@parliament.uk,
4336,Lord,Callanan,Lord Callanan,Conservative,,020 7219 5353,020 7219 5353,,contactholmember@parliament.uk,
1467,Cameron,of Chipping Norton,Lord Cameron of Chipping Norton,Conservative,,020 7219 5353,020 7219 5353,,contactholmember@parliament.uk,
3705,Cameron,of Dillington,Lord Cameron of Dillington,Crossbench,,020 7219 2530,020 7219 2530,,camerone@parliament.uk,
5012,Cameron,of Lochiel,Lord Cameron of Lochiel,Conservative,,020 7219 5353,020 7219 5353,,contactholmember@parliament.uk,
5005,Lord,Camoys,Lord Camoys,Conservative,,020 7219 5353,020 7219 5353,,contactholmember@parliament.uk,
3871,Baroness,Campbell of Loughborough,Baroness Campbell of Loughborough,Crossbench,,020 7219 5353,020 7219 5353,,contactholmember@parliament.uk,
627,Campbell,of Pittenweem,Lord Campbell of Pittenweem,Liberal Democrat,,020 7219 5353,020 7219 5353,,campbellm@parliament.uk,
3831,Baroness,Campbell of Surbiton,Baroness Campbell of Surbiton,Crossbench,,020 7219 5124,020 7219 5124,,campbelljs@parliament.uk,
499,Lord,Campbell-Savours,Lord Campbell-Savours,Labour,,020 7219 3513,020 7219 3513,,campbellsavours@parliament.uk,
4939,Viscount,Camrose,Viscount Camrose,Conservative,,020 7219 5353,020 7219 5353,,contactholmember@parliament.uk,
5390,Baroness,Carberry of Muswell Hill,Baroness Carberry of Muswell Hill,Labour,,020 7219 5353,020 7219 5353,,contactholmember@parliament.uk,
2205,Carey,of Clifton,Lord Carey of Clifton,Crossbench,,020 7219 5353,020 7219 5353,,carey.andr@gmail.com,
1138,Carlile,of Berriew,Lord Carlile of Berriew,Crossbench,,020 3432 9891,020 3432 9891,,carlilea@parliament.uk,
4712,Lord,Carrington,Lord Carrington,Crossbench,,020 7219 8892,020 7219 8892,,carringtonr@parliament.uk,
1206,Carrington,of Fulham,Lord Carrington of Fulham,Conservative,,020 7219 5353,020 7219 5353,,carringtonm@parliament.uk,
3680,Carter,of Coles,Lord Carter of Coles,Labour,,020 7219 5353,020 7219 5353,,contactholmember@parliament.uk,
4732,Carter,of Haslemere,Lord Carter of Haslemere,Crossbench,,020 7219 5353,020 7219 5353,,contactholmember@parliament.uk,
4896,Baroness,Casey of Blackstock,Baroness Casey of Blackstock,Crossbench,,020 7219 5353,020 7219 5353,,contactholmember@parliament.uk,
5387,Baroness,Cash,Baroness Cash,Conservative,,020 7219 5353,020 7219 5353,,contactholmember@parliament.uk,
4340,Lord,Cashman,Lord Cashman,Non-affiliated,,020 7219 6533,020 7219 6533,,cashmanm@parliament.uk,
5369,Baroness,Cass,Baroness Cass,Crossbench,,020 7219 5353,020 7219 5353,,rivisn@parliament.uk (staff),
2463,Earl,Cathcart,Earl Cathcart,Conservative,,020 7219 5442,020 7219 5442,,cathcartc@parliament.uk,
4578,Baroness,Cavendish of Little Venice,Baroness Cavendish of Little Venice,Crossbench,,020 7219 5353,020 7219 5353,,contactholmember@parliament.uk,
3318,Lord,Chadlington,Lord Chadlington,Conservative,,020 7219 5353,020 7219 5353,,contactholmember@parliament.uk,
4579,Baroness,Chakrabarti,Baroness Chakrabarti,Labour,,020 7219 5353,020 7219 5353,,chakrabartis@parliament.uk,
3308,Viscount,Chandos,Viscount Chandos,Labour,,020 7219 5353,020 7219 5353,,contactholmember@parliament.uk,
3972,Baroness,Chapman of Darlington,Baroness Chapman of Darlington,Labour,"Minister for International Development, Latin America and the Caribbean",020 7219 5353,020 7219 5353,,contactholmember@parliament.uk,
1946,Lord,Chartres,Lord Chartres,Crossbench,,020 7219 5353,020 7219 5353,,contactholmember@parliament.uk,
4922,The,Bishop of Chelmsford,The Lord Bishop of Chelmsford,Bishops,,020 7219 5353 / 01277 352001,020 7219 5353 / 01277 352001,,Bishop.Chelmsford@chelmsford.anglican.org,
5407,The,Bishop of Chester,The Lord Bishop of Chester,Bishops,,,,,,
4695,The,Bishop of Chichester,The Lord Bishop of Chichester,Bishops,,020 7219 5353,020 7219 5353,,contactholmember@parliament.uk,
4330,Baroness,Chisholm of Owlpen,Baroness Chisholm of Owlpen,Non-affiliated,,020 7219 5353,020 7219 5353,,contactholmember@parliament.uk,
4733,Lord,Choudrey,Lord Choudrey,Conservative,,020 7219 5353,020 7219 5353,,choudreyz@parliament.uk,
3395,Lord,Christopher,Lord Christopher,Labour,,020 7219 5353,020 7219 5353,,contactholmember@parliament.uk,
3391,The,Earl of Clancarty,The Earl of Clancarty,Crossbench,,020 7219 5353,020 7219 5353,,contactholmember@parliament.uk,
599,Baroness,Clark of Calton,Baroness Clark of Calton,Crossbench,,020 7219 5353,020 7219 5353,,contactholmember@parliament.uk,
525,Clark,of Windermere,Lord Clark of Windermere,Labour,,020 7219 2558,020 7219 2558,,clarkd@parliament.uk,
3413,Clarke,of Hampstead,Lord Clarke of Hampstead,Labour,,020 7219 5353,020 7219 5353,,contactholmember@parliament.uk,
366,Clarke,of Nottingham,Lord Clarke of Nottingham,Conservative,,020 7219 5353,020 7219 5353,,contactholmember@parliament.uk,
3396,Lord,Clement-Jones,Lord Clement-Jones,Liberal Democrat,,020 7219 5353,020 7219 5353,,clementjonest@parliament.uk,
360,Lord,Coaker,Lord Coaker,Labour,Minister of State,020 7219 5353,020 7219 5353,,contactholmember@parliament.uk,
4098,Baroness,Coffey,Baroness Coffey,Conservative,,020 7219 5353,020 7219 5353,,contactholmember@parliament.uk,
4596,Lord,Colgrain,Lord Colgrain,Conservative,,020 7219 5353,020 7219 5353,,contactholmember@parliament.uk,
4222,Collins,of Highbury,Lord Collins of Highbury,Labour,Deputy Leader of the House of Lords,020 7219 1675,020 7219 1675,,collinsr@parliament.uk,
4248,Viscount,Colville of Culross,Viscount Colville of Culross,Crossbench,,020 7219 5353,020 7219 5353,,colvillec@parliament.uk,
4327,Cooper,of Windrush,Lord Cooper of Windrush,Non-affiliated,,020 7219 5353,020 7219 5353,,cooperac@parliament.uk,
4574,The,Earl of Cork and Orrery,The Earl of Cork and Orrery,Crossbench,,020 7219 3884,020 7219 3884,,corkj@parliament.uk,
3359,The,Earl of Courtown,The Earl of Courtown,Conservative,,020 7219 5353,020 7219 5353,,contactholmember@parliament.uk,
3829,Baroness,Coussins,Baroness Coussins,Crossbench,,020 7219 5353,020 7219 5353,,coussinsj@parliament.uk,
5402,The,Bishop of Coventry,The Lord Bishop of Coventry,Bishops,,020 7219 5353,020 7219 5353,,contactholmember@parliament.uk,
3364,Baroness,Cox,Baroness Cox,Crossbench,,020 7219 5353,020 7219 5353,,caroline.cox@hart-uk.org,
3385,Craig,of Radley,Lord Craig of Radley,Crossbench,,020 7219 2200,020 7219 2200,,craigd@parliament.uk,
3380,Lord,Crathorne,Lord Crathorne,Conservative,,020 7219 5353,020 7219 5353,,crathornej@parliament.uk,
3386,Baroness,Crawley,Baroness Crawley,Labour,,020 7219 5353,020 7219 5353,,contactholmember@parliament.uk,
3783,Lord,Crisp,Lord Crisp,Crossbench,,020 7219 5353,020 7219 5353,,crisp@parliament.uk,
2594,Lord,Cromwell,Lord Cromwell,Crossbench,,020 7219 5678,020 7219 5678,,cromwellg@parliament.uk,
4907,Lord,Cruddas,Lord Cruddas,Conservative,,020 7219 5353,020 7219 5353,,contactholmember@parliament.uk,
181,Lord,Cryer,Lord Cryer,Labour,,020 7219 5353,020 7219 5353,,contactholmember@parliament.uk,
496,Cunningham,of Felling,Lord Cunningham of Felling,Labour,,020 7219 3000,020 7219 3000,,contactholmember@parliament.uk,
3982,Baroness,Curran,Baroness Curran,Labour,,020 7219 5353,020 7219 5353,,contactholmember@parliament.uk,
2727,Currie,of Marylebone,Lord Currie of Marylebone,Crossbench,,020 7219 5353,020 7219 5353,,contactholmember@parliament.uk,
4250,Curry,of Kirkharle,Lord Curry of Kirkharle,Crossbench,,020 7219 8952,020 7219 8952,,curryd@parliament.uk,
4220,Lord,Dannatt,Lord Dannatt,Crossbench,,020 7219 8949,020 7219 8949,,dannattr@parliament.uk,
4734,Darroch,of Kew,Lord Darroch of Kew,Crossbench,,020 7219 5353,020 7219 5353,,contactholmember@parliament.uk,
3779,Darzi,of Denham,Lord Darzi of Denham,Non-affiliated,,020 7219 5353,020 7219 5353,,contactholmember@parliament.uk,
3781,Davidson,of Glen Clova,Lord Davidson of Glen Clova,Labour,,020 7219 5353,020 7219 5353,,contactholmember@parliament.uk,
4927,Baroness,Davidson of Lundin Links,Baroness Davidson of Lundin Links,Conservative,,020 7219 5353,020 7219 5353,,contactholmember@parliament.uk,
4893,Davies,of Brixton,Lord Davies of Brixton,Labour,,020 7219 3629,020 7219 3629,,daviesofbrixton@parliament.uk,
4499,Davies,of Gower,Lord Davies of Gower,Conservative,,020 7219 5353,020 7219 5353,,contactholmember@parliament.uk,
4997,de,Clifford,Lord de Clifford,Crossbench,,020 7219 5353,020 7219 5353,,decliffordm@parliament.uk,
2202,De,Mauley,Lord De Mauley,Conservative,,.,.,,demauley@parliament.uk,
3808,Lord,Dear,Lord Dear,Crossbench,,020 7219 5353,020 7219 5353,,deargj@parliament.uk,
4433,Baroness,Debbonaire,Baroness Debbonaire,Labour,,020 7219 5353,020 7219 5353,,contactholmember@parliament.uk,
4154,Lord,Deben,Lord Deben,Conservative,,020 7219 5353,020 7219 5353,,contactholmember@parliament.uk,
3756,Baroness,Deech,Baroness Deech,Crossbench,,020 7219 5353,020 7219 5353,,deechr@parliament.uk,
4262,Lord,Deighton,Lord Deighton,Conservative,,020 7219 5353,020 7219 5353,,contactholmember@parliament.uk,
4714,The,Bishop of Derby,The Lord Bishop of Derby,Bishops,,020 7219 5353,020 7219 5353,,contactholmember@parliament.uk,
2699,Lord,Desai,Lord Desai,Crossbench,,020 7219 5353,020 7219 5353,,desaim@parliament.uk / lord.mdesai@gmail.com,
4707,The,Earl of Devon,The Earl of Devon,Crossbench,,020 7219 5353,020 7219 5353,,contactholmember@parliament.uk,
2685,Lord,Dholakia,Lord Dholakia,Liberal Democrat,,020 7219 5203,020 7219 5203,,dholakian@parliament.uk,
4192,Lord,Dobbs,Lord Dobbs,Conservative,,020 7219 5353,020 7219 5353,,contactholmember@parliament.uk,
1388,Dodds,of Duncairn,Lord Dodds of Duncairn,Democratic Unionist Party,,020 7219 5353,020 7219 5353,,doddsn@parliament.uk,
4166,Baroness,Donaghy,Baroness Donaghy,Labour,,020 7219 5353,020 7219 5353,,donaghyr@parliament.uk,
2709,Lord,Donoughue,Lord Donoughue,Labour,,,,,,
4197,Baroness,Doocey,Baroness Doocey,Liberal Democrat,,020 7219 0926,020 7219 0926,,dooceyd@parliament.uk,
5006,Lord,Douglas-Miller,Lord Douglas-Miller,Conservative,,020 7219 5353,020 7219 5353,,contactholmember@parliament.uk,
4155,Baroness,Drake,Baroness Drake,Labour,,020 7219 5353,020 7219 5353,,contactholmember@parliament.uk,
3669,Lord,Drayson,Lord Drayson,Labour,,020 7219 5353,020 7219 5353,,draysonp@parliament.uk,
3709,Baroness,D'Souza,Baroness D'Souza,Crossbench,,020 7219 3670,020 7219 3670,,dsouzaf@parliament.uk,
805,Lord,Dubs,Lord Dubs,Labour,,020 7219 5353,020 7219 5353,,contactholmember@parliament.uk,
4686,Duncan,of Springbank,Lord Duncan of Springbank,Conservative,,020 7219 5353,020 7219 5353,,duncani@parliament.uk,
2735,The,Earl of Dundee,The Earl of Dundee,Conservative,,020 7219 5353,020 7219 5353,,contactholmember@parliament.uk,
4534,Lord,Dunlop,Lord Dunlop,Conservative,,020 7219 0645,020 7219 0645,,dunlopa@parliament.uk,
810,Lord,Dykes,Lord Dykes,Crossbench,,020 7219 5353,020 7219 5353,,dykesh@parliament.uk,
2793,Lord,Eames,Lord Eames,Crossbench,,020 7219 5353,020 7219 5353,,contactholmember@parliament.uk,
4184,Baroness,Eaton,Baroness Eaton,Conservative,,020 7219 6380,020 7219 6380,,eatonm@parliament.uk,
2802,Lord,Eatwell,Lord Eatwell,Labour,,020 7219 5353,020 7219 5353,,contactholmember@parliament.uk,
2447,Viscount,Eccles,Viscount Eccles,Conservative,,020 7219 5353,020 7219 5353,,contactholmember@parliament.uk,
2790,Baroness,Eccles of Moulton,Baroness Eccles of Moulton,Conservative,,020 7219 5353,020 7219 5353,,contactholmember@parliament.uk,
4958,The,Earl of Effingham,The Earl of Effingham,Conservative,,020 7219 5353,020 7219 5353,,contactholmember@parliament.uk,
4367,Elliott,of Ballinamallard,Lord Elliott of Ballinamallard,Ulster Unionist Party,,020 7219 5353,020 7219 5353,,contactholmember@parliament.uk,
5008,Elliott,of Mickle Fell,Lord Elliott of Mickle Fell,Conservative,,020 7219 5353,020 7219 5353,,contactholmember@parliament.uk,
4127,Baroness,Elliott of Whitburn Bay,Baroness Elliott of Whitburn Bay,Labour,,020 7219 5353,020 7219 5353,,elliottj@parliament.uk,
4216,Lord,Empey,Lord Empey,Ulster Unionist Party,,020 7219 8482,020 7219 8482,,empeyr@parliament.uk,
2804,The,Earl of Erroll,The Earl of Erroll,Crossbench,,020 7219 5353,020 7219 5353,,contactholmember@parliament.uk,
4329,Baroness,Evans of Bowes Park,Baroness Evans of Bowes Park,Conservative,,020 7219 5353,020 7219 5353,,contactholmember@parliament.uk,
5399,Evans,of Guisborough,Lord Evans of Guisborough,Conservative,,,,,,
4081,Evans,of Rainow,Lord Evans of Rainow,Conservative,,0207 219 5353,0207 219 5353,,contactholmember@parliament.uk,
5376,Evans,of Sealand,Lord Evans of Sealand,Labour,,020 7219 5353,020 7219 5353,,contactholmember@parliament.uk,
2766,Evans,of Watford,Lord Evans of Watford,Labour,,020 7219 5353,020 7219 5353,,contactholmember@parliament.uk,
4348,Evans,of Weardale,Lord Evans of Weardale,Crossbench,,020 7219 5353,020 7219 5353,,contactholmember@parliament.uk,
2760,Fairfax,of Cameron,Lord Fairfax of Cameron,Conservative,,020 7219 5353,020 7219 5353,,fairfaxn@parliament.uk,
4690,Baroness,Fairhead,Baroness Fairhead,Crossbench,,020 7219 5353,020 7219 5353,,contactholmember@parliament.uk,
2758,Falconer,of Thoroton,Lord Falconer of Thoroton,Labour,,020 7219 5353,020 7219 5353,,contactholmember@parliament.uk,
3670,Baroness,Falkner of Margravine,Baroness Falkner of Margravine,Crossbench,,020 7219 2809,020 7219 2809,,falknerk@parliament.uk,
4561,Baroness,Fall,Baroness Fall,Conservative,,020 7219 5353,020 7219 5353,,contactholmember@parliament.uk,
4321,Lord,Farmer,Lord Farmer,Conservative,,020 7219 3000,020 7219 3000,,contactholmember@parliament.uk,
2472,Faulkner,of Worcester,Lord Faulkner of Worcester,Labour,,020 7219 5353,020 7219 5353,,contactholmember@parliament.uk,
4183,Lord,Faulks,Lord Faulks,Non-affiliated,,020 7219 5353,020 7219 5353,,contactholmember@parliament.uk,
1531,Baroness,Featherstone,Baroness Featherstone,Liberal Democrat,,020 7219 5353,020 7219 5353,,featherstonel@parliament.uk,
4208,Fellowes,of West Stafford,Lord Fellowes of West Stafford,Conservative,,020 7219 5353,020 7219 5353,,contactholmember@parliament.uk,
2491,Lord,Filkin,Lord Filkin,Labour,,020 7219 0640,020 7219 0640,,gfilkin1@aol.com,
4219,Lord,Fink,Lord Fink,Conservative,,020 7219 5353,020 7219 5353,,contactholmember@parliament.uk,
4283,Lord,Finkelstein,Lord Finkelstein,Conservative,,020 7219 5353,020 7219 5353,,contactholmember@parliament.uk,
3609,Baroness,Finlay of Llandaff,Baroness Finlay of Llandaff,Crossbench,,020 7219 6693,020 7219 6693,,finlayi@parliament.uk,
4567,Baroness,Finn,Baroness Finn,Conservative,,020 7219 5353,020 7219 5353,,contactholmember@parliament.uk,
4889,Baroness,Fleet,Baroness Fleet,Conservative,,020 7219 5353,020 7219 5353,,contactholmember@parliament.uk,
4211,Lord,Flight,Lord Flight,Conservative,,020 7222 7559,020 7222 7559,,flighth@parliament.uk,
830,Baroness,Fookes,Baroness Fookes,Conservative,,020 7219 5353,020 7219 5353,,contactholmember@parliament.uk,
3791,Baroness,Ford,Baroness Ford,Crossbench,,020 7219 5353,020 7219 5353,,fordm@parliament.uk,
1141,Forsyth,of Drumlean,Lord Forsyth of Drumlean,Conservative,,020 7219 5353,020 7219 5353,,forsythm@parliament.uk,
4969,Baroness,Foster of Aghadrumsee,Baroness Foster of Aghadrumsee,Non-affiliated,,0207 219 5353,0207 219 5353,,fosterab@parliament.uk,
214,Foster,of Bath,Lord Foster of Bath,Liberal Democrat,,020 7219 6332,020 7219 6332,,fosterdon@parliament.uk,
4911,Baroness,Foster of Oxton,Baroness Foster of Oxton,Conservative,,020 7219 5353,020 7219 5353,,contactholmember@parliament.uk,
579,Foulkes,of Cumnock,Lord Foulkes of Cumnock,Labour,,020 7219 3474,020 7219 3474,,foulkesg@parliament.uk,
315,Lord,Fowler,Lord Fowler,Crossbench,,020 7219 5353,020 7219 5353,,fowlern@parliament.uk,
4322,Lord,Fox,Lord Fox,Liberal Democrat,,020 7219 3215,020 7219 3215,,contactholmember@parliament.uk,
4887,Baroness,Fox of Buckley,Baroness Fox of Buckley,Non-affiliated,,020 7219 5353,020 7219 5353,,foxcr@parliament.uk,
134,Lord,Framlingham,Lord Framlingham,Conservative,,020 7219 2931,020 7219 2931,,contactholmember@parliament.uk,
4906,Baroness,Fraser of Craigmaddie,Baroness Fraser of Craigmaddie,Conservative,,020 219 5353,020 219 5353,,frasers@parliament.uk,
5026,Baroness,Freeman of Steventon,Baroness Freeman of Steventon,Crossbench,,020 7219 5353,020 7219 5353,,freemana@parliament.uk,
2593,Lord,Freyberg,Lord Freyberg,Crossbench,,020 7219 5101,020 7219 5101,,freybergv@parliament.uk,
4879,Lord,Frost,Lord Frost,Conservative,,020 7219 3289,020 7219 3289,,frostd@parliament.uk,
5017,Lord,Fuller,Lord Fuller,Conservative,,0207 219 1571,0207 219 1571,,fullerj@parliament.uk,
4575,Lord,Gadhia,Lord Gadhia,Non-affiliated,,020 7219 5353,020 7219 5353,,contactholmember@parliament.uk,
2503,Baroness,Gale,Baroness Gale,Labour,,020 7219 8511,020 7219 8511,,galea@parliament.uk,
3842,Baroness,Garden of Frognal,Baroness Garden of Frognal,Liberal Democrat,,020 7219 2747,020 7219 2747,,gardens@parliament.uk,
4161,Gardiner,of Kimble,Lord Gardiner of Kimble,Non-affiliated,,020 7219 5353,020 7219 5353,,hlseniordeputyspeaker@parliament.uk,
337,Lord,Garnier,Lord Garnier,Conservative,,020 7219 3000,020 7219 3000,,contactholmember@parliament.uk,
4986,Lord,Gascoigne,Lord Gascoigne,Conservative,,020 7219 5353,020 7219 5353,,contactholmember@parliament.uk,
2595,Lord,Geddes,Lord Geddes,Conservative,,020 7219 4633,020 7219 4633,,geddese@parliament.uk,
4163,Lord,German,Lord German,Liberal Democrat,,020 7219 6942,020 7219 6942,,germanm@parliament.uk,
3688,Lord,Giddens,Lord Giddens,Labour,,020 7219 5353,020 7219 5353,,giddensa@parliament.uk,
4543,Gilbert,of Panteg,Lord Gilbert of Panteg,Conservative,,020 7219 5353,020 7219 5353,,gilberts@parliament.uk,
2608,The,Earl of Glasgow,The Earl of Glasgow,Liberal Democrat,,020 7219 5353,020 7219 5353,,contactholmember@parliament.uk,
4240,Lord,Glasman,Lord Glasman,Labour,,020 7219 5353,020 7219 5353,,contactholmember@parliament.uk,
2607,Lord,Glenarthur,Lord Glenarthur,Conservative,,020 7219 5353,020 7219 5353,,contactholmember@parliament.uk,
4236,Lord,Glendonbrook,Lord Glendonbrook,Conservative,,020 7219 5353,020 7219 5353,,charl.newall@btconnect.com,
4540,The,Bishop of Gloucester,The Lord Bishop of Gloucester,Bishops,,020 7219 5353,020 7219 5353,,contactholmember@parliament.uk,
4334,Goddard,of Stockport,Lord Goddard of Stockport,Liberal Democrat,,020 7219 6563,020 7219 6563,,goddardd@parliament.uk,
4903,Lord,Godson,Lord Godson,Conservative,,020 7219 5353,020 7219 5353,,contactholmember@parliament.uk,
4944,Baroness,Gohir,Baroness Gohir,Crossbench,,020 7219 5353,020 7219 5353,,contactholmember@parliament.uk,
4237,Lord,Gold,Lord Gold,Conservative,,020 7219 5353,020 7219 5353,,contactholmember@parliament.uk,
4306,Baroness,Goldie,Baroness Goldie,Conservative,,020 7219 5353,020 7219 5353,,contactholmember@parliament.uk,
281,Baroness,Golding,Baroness Golding,Labour,,020 7219 4209,020 7219 4209,,goldingll@parliament.uk,
2490,Lord,Goldsmith,Lord Goldsmith,Labour,,020 7219 7500,020 7219 7500,,goldsmithp@parliament.uk,
4062,Goldsmith,of Richmond Park,Lord Goldsmith of Richmond Park,Conservative,,020 7219 5353,020 7219 5353,,contactholmember@parliament.uk,
1471,Goodman,of Wycombe,Lord Goodman of Wycombe,Conservative,,020 7219 3000,020 7219 3000,,contactholmember@parliament.uk,
3602,Viscount,Goschen,Viscount Goschen,Conservative,,020 7219 5353,020 7219 5353,,contactholmember@parliament.uk,
3575,Baroness,Goudie,Baroness Goudie,Labour,,020 7219 5880,020 7219 5880,,goudie@parliament.uk,
1571,Lord,Gove,Lord Gove,Conservative,,020 7219 5353,020 7219 5353,,contactholmember@parliament.uk,
2496,Lord,Grabiner,Lord Grabiner,Crossbench,,020 7219 5353,020 7219 5353,,grabinera@parliament.uk / agrabiner@oeclaw.co.uk,
4228,Grade,of Yarmouth,Lord Grade of Yarmouth,Non-affiliated,,020 7219 5353,020 7219 5353,,ros@michaelgrade.com,
3577,Lord,Grantchester,Lord Grantchester,Labour,,020 7219 5421; Fax: 020 7219 5979,020 7219 5421; Fax: 020 7219 5979,,grantchesterj@parliament.uk,
5396,Baroness,Gray of Tottenham,Baroness Gray of Tottenham,Labour,,020 7219 5353,020 7219 5353,,contactholmember@parliament.uk,
1413,Lord,Grayling,Lord Grayling,Conservative,,020 7219 5353,020 7219 5353,,contactholmember@parliament.uk,
4346,Green,of Deddington,Lord Green of Deddington,Crossbench,,020 7219 5353,020 7219 5353,,contactholmember@parliament.uk,
4191,Green,of Hurstpierpoint,Lord Green of Hurstpierpoint,Crossbench,,020 7219 5353,020 7219 5353,,contactholmember@parliament.uk,
2166,Baroness,Greenfield,Baroness Greenfield,Crossbench,,020 7219 5353,020 7219 5353,,greenfieldsu@parliament.uk,
4877,Lord,Greenhalgh,Lord Greenhalgh,Conservative,,020 7219 5353,020 7219 5353,,greenhalghs@parliament.uk,
3569,Lord,Greenway,Lord Greenway,Crossbench,,020 7219 5353,020 7219 5353,,contactholmember@parliament.uk,
4291,Baroness,Grender,Baroness Grender,Liberal Democrat,,020 7219 5353,020 7219 5353,,contactholmember@parliament.uk,
3862,Baroness,Grey-Thompson,Baroness Grey-Thompson,Crossbench,,020 7219 3143,020 7219 3143,,greythompsont@parliament.uk,
5375,Baroness,Griffin of Princethorpe,Baroness Griffin of Princethorpe,Labour,,020 7219 5353,020 7219 5353,,griffint@parliament.uk,
3707,Griffiths,of Burry Port,Lord Griffiths of Burry Port,Labour,,0208 405 8473,0208 405 8473,,griffithslj@parliament.uk,
3595,Griffiths,of Fforestfach,Lord Griffiths of Fforestfach,Conservative,,020 7219 5353,020 7219 5353,,contactholmember@parliament.uk,
4876,Grimstone,of Boscobel,Lord Grimstone of Boscobel,Conservative,,020 7219 5353,020 7219 5353,,grimstoneg@parliament.uk,
276,Lord,Grocott,Lord Grocott,Labour,,020 7219 5097,020 7219 5097,,grocottb@parliament.uk,
4933,The,Bishop of Guildford,The Lord Bishop of Guildford,Bishops,,020 7219 5353,020 7219 5353,,contactholmember@parliament.uk,
5373,Baroness,Gustafsson,Baroness Gustafsson,Labour,Minister for Investment,020 7219 5353,020 7219 5353,,contactholmember@parliament.uk,
3580,Lord,Hacking,Lord Hacking,Labour,,020 7219 5353,020 7219 5353,,contactholmember@parliament.uk,
349,Viscount,Hailsham,Viscount Hailsham,Conservative,,020 7219 5353,020 7219 5353,,contactholmember@parliament.uk,
567,Lord,Hain,Lord Hain,Labour,,020 7219 5353,020 7219 5353,,contactholmember@parliament.uk,
3652,Baroness,Hale of Richmond,Baroness Hale of Richmond,Crossbench,,020 7219 5353,020 7219 5353,,haleb@parliament.uk,
3765,Hall,of Birkenhead,Lord Hall of Birkenhead,Crossbench,,020 7219 5353,020 7219 5353,,halla@parliament.uk,
4721,Baroness,Hallett,Baroness Hallett,Crossbench,,020 7219 5353,020 7219 5353,,contactholmember@parliament.uk,
3767,Lord,Hameed,Lord Hameed,Crossbench,,020 7219 5353,020 7219 5353,,contactholmember@parliament.uk,
100,Hamilton,of Epsom,Lord Hamilton of Epsom,Conservative,,020 7219 3000,020 7219 3000,,hamiltona@parliament.uk,
105,Hammond,of Runnymede,Lord Hammond of Runnymede,Conservative,,020 7219 6337,020 7219 6337,,hammondp@parliament.uk,
4951,Lord,Hampton,Lord Hampton,Crossbench,,020 7219 5353,020 7219 5353,,pakingtonj@parliament.uk,
2652,Baroness,Hamwee,Baroness Hamwee,Liberal Democrat,,020 7219 5353,020 7219 5353,,hamwees@parliament.uk,
4905,Hannan,of Kingsclere,Lord Hannan of Kingsclere,Conservative,,020 7219 5353,020 7219 5353,,contactholmember@parliament.uk,
2167,Hannay,of Chiswick,Lord Hannay of Chiswick,Crossbench,,020 7219 5353,020 7219 5353,,contactholmember@parliament.uk,
5021,Hannett,of Everton,Lord Hannett of Everton,Labour,,020 7219 5353,020 7219 5353,,contactholmember@parliament.uk,
533,Hanson,of Flint,Lord Hanson of Flint,Labour,Minister of State,020 7219 5353,020 7219 5353,,contactholmember@parliament.uk,
2648,Viscount,Hanworth,Viscount Hanworth,Labour,,020 7219 5353,020 7219 5353,,pollockd@parliament.uk,
2647,Lord,Hardie,Lord Hardie,Crossbench,,020 7219 5353,020 7219 5353,,contactholmember@parliament.uk,
4324,Baroness,Harding of Winscombe,Baroness Harding of Winscombe,Conservative,,020 7219 5353,020 7219 5353,,contactholmember@parliament.uk,
4928,Lord,Harlech,Lord Harlech,Conservative,,020 7219 5353,020 7219 5353,,contactholmember@parliament.uk,
150,Baroness,Harman,Baroness Harman,Labour,,020 7219 5353,020 7219 5353,,harmanh@parliament.uk,
1520,Lord,Harper,Lord Harper,Conservative,,020 7219 5353,020 7219 5353,,contactholmember@parliament.uk,
3813,Harries,of Pentregarth,Lord Harries of Pentregarth,Crossbench,,020 7219 5353,020 7219 5353,,harriesr@parliament.uk,
4068,Harrington,of Watford,Lord Harrington of Watford,Non-affiliated,,020 7219 5353,020 7219 5353,,harringtonr@parliament.uk,
2671,Harris,of Haringey,Lord Harris of Haringey,Labour,,020 7219 8513,020 7219 8513,,harrist@parliament.uk,
2669,Harris,of Peckham,Lord Harris of Peckham,Conservative,,020 7219 5353,020 7219 5353,,contactholmember@parliament.uk,
2505,Baroness,Harris of Richmond,Baroness Harris of Richmond,Liberal Democrat,,020 7219 5353,020 7219 5353,,harrisa@parliament.uk,
3944,Hart,of Tenby,Lord Hart of Tenby,Conservative,,020 7219 5353,020 7219 5353,,contactholmember@parliament.uk,
2665,Lord,Haskel,Lord Haskel,Labour,,020 7219 4076,020 7219 4076,,haskels@parliament.uk,
3759,Hastings,of Scarisbrick,Lord Hastings of Scarisbrick,Crossbench,,020 7219 5353,020 7219 5353,,contactholmember@parliament.uk,
4296,Lord,Haughey,Lord Haughey,Labour,,020 7219 5353,020 7219 5353,,contactholmember@parliament.uk,
4352,Hay,of Ballyore,Lord Hay of Ballyore,Democratic Unionist Party,,020 7219 5353,020 7219 5353,,contactholmember@parliament.uk,
1649,Baroness,Hayman,Baroness Hayman,Crossbench,,020 7219 5083,020 7219 5083,,haymanh@parliament.uk,
4395,Baroness,Hayman of Ullock,Baroness Hayman of Ullock,Labour,Parliamentary Under-Secretary of State,020 7219 4554,020 7219 4554,,haymans@parliament.uk,
4159,Baroness,Hayter of Kentish Town,Baroness Hayter of Kentish Town,Labour,,020 7219 5353,020 7219 5353,,hayterd@parliament.uk,
863,Lord,Hayward,Lord Hayward,Conservative,,020 7219 7058,020 7219 7058,,robertahayward11@gmail.com,
5024,Baroness,Hazarika,Baroness Hazarika,Labour,,020 7219 5353,020 7219 5353,,contactholmember@parliament.uk,
4179,Baroness,Healy of Primrose Hill,Baroness Healy of Primrose Hill,Labour,,020 7219 8912,020 7219 8912,,healyab@parliament.uk,
4331,Baroness,Helic,Baroness Helic,Conservative,,020 7219 5353,020 7219 5353,,contactholmember@parliament.uk,
4723,Lord,Hendy,Lord Hendy,Labour,,020 7219 5353,020 7219 5353,,contactholmember@parliament.uk,
4972,Hendy,of Richmond Hill,Lord Hendy of Richmond Hill,Labour,Minister for Rail,0207 219 5353,0207 219 5353,,hendyp@parliament.uk,
2616,Lord,Henley,Lord Henley,Conservative,,020 7219 5353,020 7219 5353,,contactholmember@parliament.uk,
4189,Hennessy,of Nympsfield,Lord Hennessy of Nympsfield,Crossbench,,020 7219 5353,020 7219 5353,,contactholmember@parliament.uk,
1479,Herbert,of South Downs,Lord Herbert of South Downs,Conservative,,020 7219 5353,020 7219 5353,,contactholmember@parliament.uk,
5003,The,Bishop of Hereford,The Lord Bishop of Hereford,Bishops,,020 7219 5353,020 7219 5353,,contactholmember@parliament.uk,
5365,Lord,Hermer,Lord Hermer,Labour,Attorney General,020 7219 5353,020 7219 5353,,contactholmember@parliament.uk,
94,Lord,Heseltine,Lord Heseltine,Conservative,,020  7219 5353,020  7219 5353,,contactholmember@parliament.uk,
4144,Hill,of Oareford,Lord Hill of Oareford,Conservative,,020 7219 5353,020 7219 5353,,contactholmember@parliament.uk,
4964,Lord,Hintze,Lord Hintze,Conservative,,020 7219 5353,020 7219 5353,,contactholmember@parliament.uk,
140,Baroness,Hodge of Barking,Baroness Hodge of Barking,Labour,,020 7219 5353,020 7219 5353,,contactholmember@parliament.uk,
4301,Baroness,Hodgson of Abinger,Baroness Hodgson of Abinger,Conservative,,020 7219 8283,020 7219 8283,,hodgsonf@parliament.uk,
1651,Hodgson,of Astley Abbotts,Lord Hodgson of Astley Abbotts,Conservative,,020 7219 8526,020 7219 8526,,hodgsonr@parliament.uk,
210,Baroness,Hoey,Baroness Hoey,Non-affiliated,,020 7219 5353,020 7219 5353,,contactholmember@parliament.uk,
2633,Lord,Hoffmann,Lord Hoffmann,Crossbench,,020 7219 6067,020 7219 6067,,hoffmann@parliament.uk,
4693,Lord,Hogan-Howe,Lord Hogan-Howe,Crossbench,,020 7219 5353,020 7219 5353,,contactholmember@parliament.uk,
2632,Baroness,Hogg,Baroness Hogg,Crossbench,,020 7219 5353,020 7219 5353,,contactholmember@parliament.uk,
2732,Lord,Hollick,Lord Hollick,Labour,,020 7219 5353,020 7219 5353,,contactholmember@parliament.uk,
4190,Baroness,Hollins,Baroness Hollins,Crossbench,,020 7219 0520,020 7219 0520,,hollinss@parliament.uk,
4294,Holmes,of Richmond,Lord Holmes of Richmond,Conservative,,020 7219 8617,020 7219 8617,,holmesc@parliament.uk,
2005,Baroness,Hooper,Baroness Hooper,Conservative,,020 7219 5353,020 7219 5353,,contactholmember@parliament.uk,
2004,Hope,of Craighead,Lord Hope of Craighead,Crossbench,,020 7219 8308,020 7219 8308,,hopejad@parliament.uk,
196,Lord,Horam,Lord Horam,Conservative,,020 7736 8521,020 7736 8521,,jrhoram@gmail.com,
4991,Houchen,of High Leven,Lord Houchen of High Leven,Conservative,,020 7219 5353,020 7219 5353,,contactholmember@parliament.uk,
4694,Houghton,of Richmond,Lord Houghton of Richmond,Crossbench,,020 7219 5353,020 7219 5353,,contactholmember@parliament.uk,
82,Howard,of Lympne,Lord Howard of Lympne,Conservative,,020 7219 3964,020 7219 3964,,howardm@parliament.uk,
3674,Howard,of Rising,Lord Howard of Rising,Conservative,,020 7219 5353,020 7219 5353,,contactholmember@parliament.uk,
544,Howarth,of Newport,Lord Howarth of Newport,Labour,,020 7219 5353,020 7219 5353,,contactholmember@parliament.uk,
2000,Earl,Howe,Earl Howe,Conservative,,020 7219 5353,020 7219 5353,,contactholmember@parliament.uk,
993,Howell,of Guildford,Lord Howell of Guildford,Conservative,,020 7219 5353,020 7219 5353,,howelld@parliament.uk,
459,Baroness,Hughes of Stretford,Baroness Hughes of Stretford,Labour,,020 7219 5353,020 7219 5353,,hughesb@parliament.uk,
4300,Baroness,Humphreys,Baroness Humphreys,Liberal Democrat,,020 7219 5353,020 7219 5353,,contactholmember@parliament.uk,
4725,Baroness,Hunt of Bethnal Green,Baroness Hunt of Bethnal Green,Crossbench,,020 7219 5353,020 7219 5353,,huntr@parliament.uk,
2024,Hunt,of Kings Heath,Lord Hunt of Kings Heath,Labour,,020 7219 2030,020 7219 2030,,huntp@parliament.uk,
994,Hunt,of Wirral,Lord Hunt of Wirral,Conservative,,020 7219 5353,020 7219 5353,,huntd@parliament.uk,
5398,Baroness,Hunter of Auchenreoch,Baroness Hunter of Auchenreoch,Labour,,,,,,
4221,Lord,Hussain,Lord Hussain,Liberal Democrat,,020 7219 5353,020 7219 5353,,contactholmember@parliament.uk,
4164,Baroness,Hussein-Ece,Baroness Hussein-Ece,Liberal Democrat,,020 7219 5353,020 7219 5353,,ecem@parliament.uk,
494,Hutton,of Furness,Lord Hutton of Furness,Labour,,020 7219 5353,020 7219 5353,,contactholmember@parliament.uk,
1980,Lord,Inglewood,Lord Inglewood,Crossbench,,020 7219 3190,020 7219 3190,,inglewoodw@parliament.uk,
1976,Irvine,of Lairg,Lord Irvine of Lairg,Labour,,020 7219 5353,020 7219 5353,,contactholmember@parliament.uk,
4619,Jack,of Courance,Lord Jack of Courance,Conservative,,020 7219 5353,020 7219 5353,,contactholmember@parliament.uk,
1551,Jackson,of Peterborough,Lord Jackson of Peterborough,Conservative,,020 7219 5353,020 7219 5353,,jacksonsj@parliament.uk,
3799,James,of Blackheath,Lord James of Blackheath,Conservative,,020 7219 5353,020 7219 5353,,contactholmember@parliament.uk,
5019,Lord,Jamieson,Lord Jamieson,Conservative,,020 7219 5353,020 7219 5353,,jamiesonj@parliament.uk,
4337,Baroness,Janke,Baroness Janke,Liberal Democrat,,020 7219 5353,020 7219 5353,,contactholmember@parliament.uk,
3838,Lord,Janvrin,Lord Janvrin,Crossbench,,020 7219 5353,020 7219 5353,,contactholmember@parliament.uk,
3818,Jay,of Ewelme,Lord Jay of Ewelme,Crossbench,,020 7219 3156,020 7219 3156,,jaymh@parliament.uk,
1970,Baroness,Jay of Paddington,Baroness Jay of Paddington,Labour,,020 7219 5353,020 7219 5353,,contactholmember@parliament.uk,
4229,Baroness,Jenkin of Kennington,Baroness Jenkin of Kennington,Conservative,,020 7219 5353,020 7219 5353,,contactholmember@parliament.uk,
4949,Johnson,of Lainston,Lord Johnson of Lainston,Conservative,,020 7219 5353,020 7219 5353,,dominic.johnson1@conservatives.com,
4039,Johnson,of Marylebone,Lord Johnson of Marylebone,Conservative,,020 7219 5353,020 7219 5353,,Jo@Jo-Johnson.com,
530,Lord,Jones,Lord Jones,Labour,,020 7219 5353,020 7219 5353,,contactholmember@parliament.uk,
4297,Baroness,Jones of Moulsecoomb,Baroness Jones of Moulsecoomb,Green Party,,020 7219 5353,020 7219 5353,,jonesjb@parliament.uk,
5383,Jones,of Penybont,Lord Jones of Penybont,Labour,,020 7219 5353,020 7219 5353,,jonesch@parliament.uk,
3792,Baroness,Jones of Whitchurch,Baroness Jones of Whitchurch,Labour,Minister for Legislation,020 7219 8272,020 7219 8272,,jonesmag@parliament.uk,
883,Lord,Jopling,Lord Jopling,Conservative,,020 7219 0801,020 7219 0801,,contactholmember@parliament.uk,
2552,Lord,Jordan,Lord Jordan,Labour,,020 7219 5353,020 7219 5353,,contactholmember@parliament.uk,
3766,Lord,Kakkar,Lord Kakkar,Crossbench,,020 7219 3000,020 7219 3000,,contactholmember@parliament.uk,
4909,Lord,Kamall,Lord Kamall,Conservative,,020 7219 5353,020 7219 5353,,contactholmember@parliament.uk,
5386,Lord,Katz,Lord Katz,Labour,Lord in Waiting,020 7219 5353,020 7219 5353,,contactholmember@parliament.uk,
1588,Baroness,Keeley,Baroness Keeley,Labour,,020 7219 5353,020 7219 5353,,keeleyb@parliament.uk,
4538,Keen,of Elie,Lord Keen of Elie,Conservative,,020 7219 5353,020 7219 5353,,contactholmember@parliament.uk,
4988,Lord,Kempsell,Lord Kempsell,Conservative,,020 7219 5353,020 7219 5353,,contactholmember@parliament.uk,
4303,Baroness,Kennedy of Cradley,Baroness Kennedy of Cradley,Labour,,020 7219 5353,020 7219 5353,,alicia.kennedy@parliament.uk,
4153,Kennedy,of Southwark,Lord Kennedy of Southwark,Labour,Captain of the Honourable Corps of Gentlemen at Arms (Lords Chief Whip),020 7219 1772,020 7219 1772,,kennedyro@parliament.uk,
1987,Baroness,Kennedy of The Shaws,Baroness Kennedy of The Shaws,Labour,,01708 379482,01708 379482,,hilary.hard@btinternet.com,
3708,Kerr,of Kinlochard,Lord Kerr of Kinlochard,Crossbench,,020 7219 5353,020 7219 5353,,kerrj@parliament.uk,
4225,Lord,Kestenbaum,Lord Kestenbaum,Labour,,020 7219 5353,020 7219 5353,,kestenbaumj@parliament.uk,
4913,Khan,of Burnley,Lord Khan of Burnley,Labour,"Minister for Faith, Communities and Resettlement",020 7219 5353,020 7219 5353,,contactholmember@parliament.uk,
4258,Baroness,Kidron,Baroness Kidron,Crossbench,,020 7219 5353,020 7219 5353,,kidronb@parliament.uk,
657,Lord,Kilclooney,Lord Kilclooney,Crossbench,,020 7931 7211; 077 4596 1677,020 7931 7211; 077 4596 1677,,kilclooneyj@parliament.uk,
254,King,of Bridgwater,Lord King of Bridgwater,Conservative,,020 7219 5353,020 7219 5353,,contactholmember@parliament.uk,
4280,King,of Lothbury,Lord King of Lothbury,Crossbench,,020 7219 5353,020 7219 5353,,contactholmember@parliament.uk,
3788,Baroness,Kingsmill,Baroness Kingsmill,Labour,,020 7219 5353,020 7219 5353,,contactholmember@parliament.uk,
693,Lord,Kinnock,Lord Kinnock,Labour,,020 7219 8304,020 7219 8304,,kinnockn@parliament.uk,
4354,The,Earl of Kinnoull,The Earl of Kinnoull,Crossbench,,020 7219 5353,020 7219 5353,,kinnoull@parliament.uk,
2495,Lord,Kirkham,Lord Kirkham,Conservative,,020 7219 5353,020 7219 5353,,contactholmember@parliament.uk,
891,Kirkhope,of Harrogate,Lord Kirkhope of Harrogate,Conservative,,020 7219 5353,020 7219 5353,,contactholmember@parliament.uk,
4160,Knight,of Weymouth,Lord Knight of Weymouth,Labour,,0207 219 8209,0207 219 8209,,knightja@parliament.uk,
1557,Baroness,Kramer,Baroness Kramer,Liberal Democrat,,020 7219 1492,020 7219 1492,,kramers@parliament.uk,
3736,Lord,Krebs,Lord Krebs,Crossbench,,020 7219 5353,020 7219 5353,,contactholmember@parliament.uk,
36,Baroness,Laing of Elderslie,Baroness Laing of Elderslie,Conservative,,,,,,
2079,Lord,Laming,Lord Laming,Crossbench,,020 7219 8907,020 7219 8907,,lamingh@parliament.uk,
895,Lamont,of Lerwick,Lord Lamont of Lerwick,Conservative,,020 7219 5353,020 7219 5353,,contactholmember@parliament.uk,
4973,Baroness,Lampard,Baroness Lampard,Non-affiliated,,0207 219 5353,0207 219 5353,,contactholmember@parliament.uk,
1544,Lancaster,of Kimbolton,Lord Lancaster of Kimbolton,Conservative,,020 7219 5353,020 7219 5353,,contactholmember@parliament.uk,
4275,Baroness,Lane-Fox of Soho,Baroness Lane-Fox of Soho,Crossbench,,020 7219 5353,020 7219 5353,,contactholmember@parliament.uk,
123,Lord,Lansley,Lord Lansley,Conservative,,020 7219 5353,020 7219 5353,,lansleya@parliament.uk,
4965,Baroness,Lawlor,Baroness Lawlor,Conservative,,020 7219 5353,020 7219 5353,,contactholmember@parliament.uk,
4290,Baroness,Lawrence of Clarendon,Baroness Lawrence of Clarendon,Labour,,020 7219 5353,020 7219 5353,,contactholmember@parliament.uk,
2540,Lord,Layard,Lord Layard,Labour,,020 7219 5353,020 7219 5353,,contactholmember@parliament.uk,
4960,Baroness,Lea of Lymm,Baroness Lea of Lymm,Conservative,,020 7219 5353,020 7219 5353,,contactholmember@parliament.uk,
4900,Lord,Lebedev,Lord Lebedev,Crossbench,,020 7219 5353,020 7219 5353,,contactholmember@parliament.uk,
1132,Lee,of Trafford,Lord Lee of Trafford,Liberal Democrat,,020 7219 5353,020 7219 5353,,contactholmember@parliament.uk,
4349,The,Bishop of Leeds,The Lord Bishop of Leeds,Bishops,,020 7219 5353,020 7219 5353,,bainesn@parliament.uk,
4947,The,Bishop of Leicester,The Lord Bishop of Leicester,Bishops,,020 7219 5353,020 7219 5353,,contactholmember@parliament.uk,
4919,The,Earl of Leicester,The Earl of Leicester,Conservative,,020 7219 5353,020 7219 5353,,contactholmember@parliament.uk,
4295,Leigh,of Hurley,Lord Leigh of Hurley,Conservative,,020 7219 5353,020 7219 5353,,,
5382,Lord,Lemos,Lord Lemos,Labour,,020 7219 5353,020 7219 5353,,contactholmember@parliament.uk,
4338,Lord,Lennie,Lord Lennie,Labour,,020 7219 5353,020 7219 5353,,contactholmember@parliament.uk,
4959,Lord,Leong,Lord Leong,Labour,Lord in Waiting,020 7219 5353,020 7219 5353,,contactholmember@parliament.uk,
5381,Baroness,Levitt,Baroness Levitt,Labour,,020 7219 3000,020 7219 3000,,levitta@parliament.uk,
2033,Lord,Levy,Lord Levy,Labour,,020 7219 5353,020 7219 5353,,contactholmember@parliament.uk,
4202,Lord,Lexden,Lord Lexden,Conservative,,020 7219 8216,020 7219 8216,,lexdena@parliament.uk,
4954,The,Bishop of Lichfield,The Lord Bishop of Lichfield,Bishops,,020 7219 5353,020 7219 5353,,contactholmember@parliament.uk,
573,Baroness,Liddell of Coatdyke,Baroness Liddell of Coatdyke,Labour,,020 7219 3000,020 7219 3000,,liddellh@parliament.uk,
4156,Lord,Liddle,Lord Liddle,Labour,,020 7219 2132,020 7219 2132,,liddler@parliament.uk,
68,Lord,Lilley,Lord Lilley,Conservative,,020 7219 5353,020 7219 5353,,lilleyp@parliament.uk,
4319,The,Bishop of Lincoln,The Lord Bishop of Lincoln,Bishops,,020 7219 5353,020 7219 5353,,bishop.lincoln@lincoln.anglican.org,
2059,The,Earl of Lindsay,The Earl of Lindsay,Conservative,,020 7219 5353,020 7219 5353,,lindsayj@parliament.uk,
4194,Lord,Lingfield,Lord Lingfield,Conservative,,020 7219 5353,020 7219 5353,,contactholmember@parliament.uk,
2492,Lord,Lipsey,Lord Lipsey,Labour,,,,,,
4234,Baroness,Lister of Burtersett,Baroness Lister of Burtersett,Labour,,020 7219 8984,020 7219 8984,,listerr@parliament.uk,
4351,Lord,Lisvane,Lord Lisvane,Crossbench,,020 7219 5353,020 7219 5353,,contactholmember@parliament.uk,
4559,Lord,Livermore,Lord Livermore,Labour,Financial Secretary,020 7219 5353,020 7219 5353,,contactholmember@parliament.uk,
2045,The,Earl of Liverpool,The Earl of Liverpool,Conservative,,020 7219 5406 Fax: 020 7219 0318,020 7219 5406 Fax: 020 7219 0318,,contactholmember@parliament.uk,
4278,Livingston,of Parkhead,Lord Livingston of Parkhead,Non-affiliated,,020 7219 5353,020 7219 5353,,contactholmember@parliament.uk,
2047,Lord,Londesborough,Lord Londesborough,Crossbench,,020 7219 5353,020 7219 5353,,contactholmember@parliament.uk,
4696,The,Bishop of London,The Lord Bishop of London,Bishops,,020 7219 5353,020 7219 5353,,contactholmember@parliament.uk,
5392,Baroness,Longfield,Baroness Longfield,Labour,,020 7219 5353,020 7219 5353,,contactholmember@parliament.uk,
4209,Lord,Loomba,Lord Loomba,Crossbench,,020 7219 5353,020 7219 5353,,loombar@parliament.uk,
3803,Low,of Dalston,Lord Low of Dalston,Crossbench,,02072193775,02072193775,,contactholmember@parliament.uk,
1879,Lord,Lucas,Lord Lucas,Conservative,,020 7219 4177,020 7219 4177,,lucasr@parliament.uk,
1867,Baroness,Ludford,Baroness Ludford,Liberal Democrat,,020 7219 5353,020 7219 5353,,ludfords@parliament.uk,
4550,Lord,Lupton,Lord Lupton,Non-affiliated,,020 7219 5353,020 7219 5353,,luptonj@parliament.uk,
1864,The,Earl of Lytton,The Earl of Lytton,Crossbench,,020 7219 5353,020 7219 5353,,contactholmember@parliament.uk,
298,Lord,McCabe,Lord McCabe,Labour,,020 7219 5353,020 7219 5353,,contactholmember@parliament.uk,
1892,McColl,of Dulwich,Lord McColl of Dulwich,Conservative,,020 7219 5141,020 7219 5141,,contactholmember@parliament.uk,
4168,McConnell,of Glenscorrodale,Lord McConnell of Glenscorrodale,Labour,,020 7219 8913,020 7219 8913,,mcconnellj@parliament.uk,
655,McCrea,of Magherafelt and Cookstown,Lord McCrea of Magherafelt and Cookstown,Democratic Unionist Party,,020 7219 5353,020 7219 5353,,contactholmember@parliament.uk,
4172,Macdonald,of River Glaven,Lord Macdonald of River Glaven,Crossbench,,020 7219 5353,020 7219 5353,,contactholmember@parliament.uk,
4908,McDonald,of Salford,Lord McDonald of Salford,Crossbench,,020 7219 5353,020 7219 5353,,contactholmember@parliament.uk,
4148,McFall,of Alcluith,Lord McFall of Alcluith,Lord Speaker,,020 7219 6444,020 7219 6444,,lordspeaker@parliament.uk,
4554,Baroness,McGregor-Smith,Baroness McGregor-Smith,Non-affiliated,,020 7219 5353,020 7219 5353,,contactholmember@parliament.uk,
4576,McInnes,of Kilwinning,Lord McInnes of Kilwinning,Conservative,,020 7219 5353,020 7219 5353,,mcinnesm@parliament.uk,
2506,Baroness,McIntosh of Hudnall,Baroness McIntosh of Hudnall,Labour,,020 7219 8732,020 7219 8732,,mcintoshg@parliament.uk,
384,Baroness,McIntosh of Pickering,Baroness McIntosh of Pickering,Conservative,,020 7219 3000,020 7219 3000,,mcintoshac@parliament.uk,
1881,Mackenzie,of Framwellgate,Lord Mackenzie of Framwellgate,Non-affiliated,,020 7219 8632,020 7219 8632,,contactholmember@parliament.uk,
4529,Mackinlay,of Richborough,Lord Mackinlay of Richborough,Conservative,,020 7219 5353,020 7219 5353,,contactholmember@parliament.uk,
4668,Baroness,Maclean of Redditch,Baroness Maclean of Redditch,Conservative,,,,,,
333,Lord,McLoughlin,Lord McLoughlin,Conservative,,020 7219 5353,020 7219 5353,,mcloughlinp@parliament.uk,
919,Lord,McNally,Lord McNally,Liberal Democrat,,020 7219 5443,020 7219 5443,,mcnallyt@parliament.uk,
4702,McNicol,of West Kilbride,Lord McNicol of West Kilbride,Labour,,020 7219 6704,020 7219 6704,,mcnicoli@parliament.uk,
4586,Macpherson,of Earl's Court,Lord Macpherson of Earl's Court,Crossbench,,020 7219 5353,020 7219 5353,,contactholmember@parliament.uk,
4227,Magan,of Castletown,Lord Magan of Castletown,Conservative,,020 7219 5353,020 7219 5353,,contactholmember@parliament.uk,
4563,Lord,Mair,Lord Mair,Crossbench,,020 7219 5353,020 7219 5353,,contactholmember@parliament.uk,
1846,Baroness,Mallalieu,Baroness Mallalieu,Labour,,020 7219 5353,020 7219 5353,,mallalieua@parliament.uk,
3754,Lord,Mance,Lord Mance,Crossbench,,020 7219 5353,020 7219 5353,,contactholmember@parliament.uk,
4878,The,Bishop of Manchester,The Lord Bishop of Manchester,Bishops,,020 7219 5353,020 7219 5353,,walkerdb@parliament.uk,
1833,Lord,Mancroft,Lord Mancroft,Conservative,,020 7219 5353,020 7219 5353,,contactholmember@parliament.uk,
1387,Lord,Mann,Lord Mann,Labour,,020 7219 8130,020 7219 8130,,mannjl@parliament.uk,
3857,Baroness,Manningham-Buller,Baroness Manningham-Buller,Crossbench,,020 7219 5353,020 7219 5353,,contactholmember@parliament.uk,
4289,Baroness,Manzoor,Baroness Manzoor,Conservative,,020 7219 5353,020 7219 5353,,contactholmember@parliament.uk,
4948,Lord,Markham,Lord Markham,Conservative,,020 7219 5353,020 7219 5353,,contactholmember@parliament.uk,
5018,Marks,of Hale,Lord Marks of Hale,Conservative,,020 7219 5353,020 7219 5353,,contactholmember@parliament.uk,
4206,Marks,of Henley-on-Thames,Lord Marks of Henley-on-Thames,Liberal Democrat,,020 7219 5353,020 7219 5353,,contactholmember@parliament.uk,
3797,Lord,Marland,Lord Marland,Conservative,,020 7219 5353,020 7219 5353,,marland@parliament.uk,
1854,Lord,Marlesford,Lord Marlesford,Conservative,,020 7219 5480   Fax. 020 7219 5979,020 7219 5480   Fax. 020 7219 5979,,marlesford@parliament.uk,
5405,Massey,of Hampstead,Lord Massey of Hampstead,Conservative,,020 7219 5353,020 7219 5353,,contactholmember@parliament.uk,
5395,Baroness,Mattinson,Baroness Mattinson,Labour,,020 7219 5353,020 7219 5353,,contactholmember@parliament.uk,
115,Maude,of Horsham,Lord Maude of Horsham,Conservative,,020 7219 5353,020 7219 5353,,contactholmember@parliament.uk,
3830,Lord,Mawson,Lord Mawson,Crossbench,,020 7219 5353,020 7219 5353,,,
8,Baroness,May of Maidenhead,Baroness May of Maidenhead,Conservative,,020 7219 5353,020 7219 5353,,contactholmember@parliament.uk,
3810,Baroness,Meacher,Baroness Meacher,Crossbench,,020 7219 3000,020 7219 3000,,meachermc@parliament.uk,
4286,Lord,Mendelsohn,Lord Mendelsohn,Labour,,020 7219 5353,020 7219 5353,,contactholmember@parliament.uk,
4890,Lord,Mendoza,Lord Mendoza,Conservative,,0207 219 5353,0207 219 5353,,mendozan@parliament.uk,
347,Baroness,Merron,Baroness Merron,Labour,"Minister for Patient Safety, Women's Health and Mental Health",020 7219 5353,020 7219 5353,,merrong@parliament.uk,
1940,Lord,Meston,Lord Meston,Crossbench,,020 7219 5353,020 7219 5353,,contactholmember@parliament.uk,
4699,Baroness,Meyer,Baroness Meyer,Conservative,,020 7219 3000,020 7219 3000,,meyerc@parliament.uk,
1934,Baroness,Miller of Chilthorne Domer,Baroness Miller of Chilthorne Domer,Liberal Democrat,,020 7219 5353,020 7219 5353,,millers@parliament.uk,
4952,The,Earl of Minto,The Earl of Minto,Conservative,,020 7219 5353,020 7219 5353,,contactholmember@parliament.uk,
2570,Lord,Mitchell,Lord Mitchell,Labour,,020 7219 8657,020 7219 8657,,parrym@parliament.uk,
4335,Baroness,Mobarik,Baroness Mobarik,Conservative,,020 7219 5353,020 7219 5353,,mobarikn@parliament.uk,
5401,Mohammed,of Tinsley,Lord Mohammed of Tinsley,Liberal Democrat,,020 7219 5353,020 7219 5353,,contactholmember@parliament.uk,
5020,Baroness,Monckton of Dallington Forest,Baroness Monckton of Dallington Forest,Conservative,,020 7219 5353,020 7219 5353,,contactholmember@parliament.uk,
4186,Lord,Monks,Lord Monks,Labour,,020 7219 6943,020 7219 6943,,monksj@parliament.uk,
4891,Moore,of Etchingham,Lord Moore of Etchingham,Non-affiliated,,020 7219 5353,020 7219 5353,,contactholmember@parliament.uk,
5374,Lord,Moraes,Lord Moraes,Labour,Lord in Waiting,,,,,
2555,Lord,Morgan,Lord Morgan,Labour,,020 7219 8616,020 7219 8616,,kenneth.morgan@hotmail.co.uk,
4027,Baroness,Morgan of Cotes,Baroness Morgan of Cotes,Non-affiliated,,020 7219 5353,020 7219 5353,,morganna@parliament.uk,
3685,Baroness,Morgan of Drefelin,Baroness Morgan of Drefelin,Labour,,020 7219 5353,020 7219 5353,,contactholmember@parliament.uk,
2168,Baroness,Morgan of Huyton,Baroness Morgan of Huyton,Labour,,020 7219 5500,020 7219 5500,,morgan@parliament.uk,
3681,Baroness,Morris of Bolton,Baroness Morris of Bolton,Conservative,,020 7219 5353,020 7219 5353,,contactholmember@parliament.uk,
305,Baroness,Morris of Yardley,Baroness Morris of Yardley,Labour,,020 7219 5353,020 7219 5353,,morrise@parliament.uk,
4881,Baroness,Morrissey,Baroness Morrissey,Conservative,,020 7219 5353,020 7219 5353,,contactholmember@parliament.uk,
3795,Lord,Morrow,Lord Morrow,Democratic Unionist Party,,020 7219 5353,020 7219 5353,,morrowm@parliament.uk,
4914,Lord,Morse,Lord Morse,Crossbench,,020 7219 3156,020 7219 3156,,morsea@parliament.uk,
4984,Lord,Mott,Lord Mott,Conservative,,020 7219 5353,020 7219 5353,,mottd@parliament.uk,
4539,Lord,Mountevans,Lord Mountevans,Crossbench,,020 7219 5353,020 7219 5353,,contactholmember@parliament.uk,
4883,Lord,Moylan,Lord Moylan,Conservative,,070 7219 5353,070 7219 5353,,moyland@parliament.uk,
924,Lord,Moynihan,Lord Moynihan,Conservative,,020 7219 5353,020 7219 5353,,contactholmember@parliament.uk,
5007,Moynihan,of Chelsea,Lord Moynihan of Chelsea,Conservative,,020 7219 5353,020 7219 5353,,moynihanj@parliament.uk,
4968,Baroness,Moyo,Baroness Moyo,Non-affiliated,,020 7219 5353,020 7219 5353,,contactholmember@parliament.uk,
546,Murphy,of Torfaen,Lord Murphy of Torfaen,Labour,,020 7219 6193,020 7219 6193,,murphypp@parliament.uk,
4950,Murray,of Blidworth,Lord Murray of Blidworth,Conservative,,020 7219 5353,020 7219 5353,,contactholmember@parliament.uk,
1251,Lord,Naseby,Lord Naseby,Conservative,,,,,,
4270,Lord,Nash,Lord Nash,Conservative,,020 7219 5353,020 7219 5353,,contactholmember@parliament.uk,
3690,Baroness,Neuberger,Baroness Neuberger,Crossbench,,020 7219 2716,020 7219 2716,,neubergerj@parliament.uk,
3827,Neuberger,of Abbotsbury,Lord Neuberger of Abbotsbury,Crossbench,,020 7219 5353,020 7219 5353,,contactholmember@parliament.uk,
3840,Baroness,Neville-Jones,Baroness Neville-Jones,Conservative,,020 7219 5353,020 7219 5353,,contactholmember@parliament.uk,
4284,Baroness,Neville-Rolfe,Baroness Neville-Rolfe,Conservative,,020 7219 5353,020 7219 5353,,nevillerolfel@parliament.uk,
1916,Lord,Newby,Lord Newby,Liberal Democrat,,020 7219 8501,020 7219 8501,,newbyr@parliament.uk,
4996,The,Bishop of Newcastle,The Lord Bishop of Newcastle,Bishops,,020 7219 5353,020 7219 5353,,hartleyh@parliament.uk,
4177,Baroness,Newlove,Baroness Newlove,Conservative,,020 7219 5353,020 7219 5353,,contactholmember@parliament.uk,
5393,Baroness,Nichols of Selby,Baroness Nichols of Selby,Labour,,020 7219 5353,020 7219 5353,,contactholmember@parliament.uk,
1164,Baroness,Nicholson of Winterbourne,Baroness Nicholson of Winterbourne,Conservative,,020 7219 5353,020 7219 5353,,contactholmember@parliament.uk,
2554,Baroness,Noakes,Baroness Noakes,Conservative,,020 7219 5353,020 7219 5353,,contactholmember@parliament.uk,
2194,The,Duke of Norfolk,The Duke of Norfolk,Crossbench,,020 7219 5353,020 7219 5353,,contactholmember@parliament.uk,
3191,Lord,Northbrook,Lord Northbrook,Conservative,,020 7219 4090,020 7219 4090,,northbrookf@parliament.uk,
2539,Baroness,Northover,Baroness Northover,Liberal Democrat,,020 7219 8623,020 7219 8623,,northoverl@parliament.uk,
3187,Norton,of Louth,Lord Norton of Louth,Conservative,,020 7219 0669,020 7219 0669,,nortonp@parliament.uk,
4999,The,Bishop of Norwich,The Lord Bishop of Norwich,Bishops,,,,,,
4180,Baroness,Nye,Baroness Nye,Labour,,020 7219 5353,020 7219 5353,,contactholmember@parliament.uk,
2536,Oakeshott,of Seagrove Bay,Lord Oakeshott of Seagrove Bay,Non-affiliated,,020 7219 5353,020 7219 5353,,oakeshottm@parliament.uk,
4549,Lord,Oates,Lord Oates,Liberal Democrat,,020 7219 5353,020 7219 5353,,contactholmember@parliament.uk,
4255,Lord,O'Donnell,Lord O'Donnell,Crossbench,,020 7219 5353,020 7219 5353,,contactholmember@parliament.uk,
4931,Offord,of Garvel,Lord Offord of Garvel,Conservative,,020 7219 5353,020 7219 5353,,offordmg@parliament.uk,
4977,Baroness,O'Grady of Upper Holloway,Baroness O'Grady of Upper Holloway,Labour,,0207 219 5353,0207 219 5353,,contactholmember@parliament.uk,
3902,Baroness,O'Loan,Baroness O'Loan,Crossbench,,020 7219 8724,020 7219 8724,,oloann@parliament.uk,
2441,Baroness,O'Neill of Bengarve,Baroness O'Neill of Bengarve,Crossbench,,020 7219 5353,020 7219 5353,,contactholmember@parliament.uk,
4967,Baroness,O'Neill of Bexley,Baroness O'Neill of Bexley,Conservative,,020 7219 5353,020 7219 5353,,oneillta@parliament.uk,
4536,O'Neill,of Gatley,Lord O'Neill of Gatley,Crossbench,,020 7219 5353,020 7219 5353,,contactholmember@parliament.uk,
4711,Baroness,Osamor,Baroness Osamor,Labour,,020 7219 5353,020 7219 5353,,contactholmember@parliament.uk,
4545,Lord,O'Shaughnessy,Lord O'Shaughnessy,Conservative,,020 7219 5353,020 7219 5353,,oshaughnessyj@parliament.uk,
4990,Baroness,Owen of Alderley Edge,Baroness Owen of Alderley Edge,Conservative,,020 7219 5353,020 7219 5353,,contactholmember@parliament.uk,
4279,The,Bishop of Oxford,The Lord Bishop of Oxford,Bishops,,020 7219 5353,020 7219 5353,,contactholmember@parliament.uk,
4343,The,Earl of Oxford and Asquith,The Earl of Oxford and Asquith,Crossbench,,,,,,
5389,Lord,Pack,Lord Pack,Liberal Democrat,,020 7219 5353,020 7219 5353,,contactholmember@parliament.uk,
4288,Lord,Paddick,Lord Paddick,Non-affiliated,,020 7219 5353,020 7219 5353,,paddickb@parliament.uk,
4214,Palmer,of Childs Hill,Lord Palmer of Childs Hill,Liberal Democrat,,020 7219 2561,020 7219 2561,,palmerm@parliament.uk,
3870,Lord,Pannick,Lord Pannick,Crossbench,,020 7219 5353,020 7219 5353,,contactholmember@parliament.uk,
2545,Lord,Parekh,Lord Parekh,Labour,,020 7219 5353,020 7219 5353,,contactholmember@parliament.uk,
4910,Parker,of Minsmere,Lord Parker of Minsmere,Crossbench,,020 7219 5353,020 7219 5353,,contactholmember@parliament.uk,
4728,Parkinson,of Whitley Bay,Lord Parkinson of Whitley Bay,Conservative,,020 7219 5353,020 7219 5353,,contactholmember@parliament.uk,
4178,Baroness,Parminter,Baroness Parminter,Liberal Democrat,,020 7219 4195,020 7219 4195,,parminterk@parliament.uk,
2443,Lord,Patel,Lord Patel,Crossbench,,020 7219 5353,020 7219 5353,,contactholmember@parliament.uk,
3798,Patel,of Bradford,Lord Patel of Bradford,Non-affiliated,,020 7219 8997,020 7219 8997,,patelkk@parliament.uk,
1137,Lord,Patten,Lord Patten,Conservative,,020 7219 5353,020 7219 5353,,contactholmember@parliament.uk,
1136,Patten,of Barnes,Lord Patten of Barnes,Conservative,,020 7219 5353,020 7219 5353,,pattenc@parliament.uk,
3163,Lord,Paul,Lord Paul,Non-affiliated,,020 7219 5353,020 7219 5353,,contactholmember@parliament.uk,
4975,Lord,Peach,Lord Peach,Crossbench,,0207 219 5353,0207 219 5353,,contactholmember@parliament.uk,
3153,Pearson,of Rannoch,Lord Pearson of Rannoch,Non-affiliated,,020 7219 5353,020 7219 5353,,lordpearsonofrannoch@gmail.com,
3161,Earl,Peel,Earl Peel,Crossbench,,020 7219 5353,020 7219 5353,,contactholmember@parliament.uk,
4726,Baroness,Penn,Baroness Penn,Conservative,,020 7219 5353,020 7219 5353,,contactholmember@parliament.uk,
5371,The,Bishop of Peterborough,The Lord Bishop of Peterborough,Bishops,,020 7219 5353,020 7219 5353,,contactholmember@parliament.uk,
5015,Lord,Petitgas,Lord Petitgas,Conservative,,020 7219 5353,020 7219 5353,,contactholmember@parliament.uk,
2439,Phillips,of Worth Matravers,Lord Phillips of Worth Matravers,Crossbench,,020 7219 5353,020 7219 5353,,contactholmember@parliament.uk,
33,Lord,Pickles,Lord Pickles,Conservative,,020 7219 5353,020 7219 5353,,contactholmember@parliament.uk,
4552,Baroness,Pidding,Baroness Pidding,Conservative,,020 7219 5353,020 7219 5353,,piddinge@parliament.uk,
5366,Baroness,Pidgeon,Baroness Pidgeon,Liberal Democrat,,020 7219 5353,020 7219 5353,,pidgeonc@parliament.uk,
4341,Baroness,Pinnock,Baroness Pinnock,Liberal Democrat,,020 7219 5353,020 7219 5353,,contactholmember@parliament.uk,
3179,Baroness,Pitkeathley,Baroness Pitkeathley,Labour,,020 7219 0358,020 7219 0358,,pitkeathleyj@parliament.uk,
5384,Pitkeathley,of Camden Town,Lord Pitkeathley of Camden Town,Labour,,020 7219 5353,020 7219 5353,,contactholmember@parliament.uk,
4547,Lord,Polak,Lord Polak,Conservative,,020 7219 5353,020 7219 5353,,contactholmember@parliament.uk,
3154,Ponsonby,of Shulbrede,Lord Ponsonby of Shulbrede,Labour,Parliamentary Under-Secretary of State,020 7219 5353,020 7219 5353,,contactholmember@parliament.uk,
4173,Lord,Popat,Lord Popat,Conservative,,020 7219 0295,020 7219 0295,,popatd@parliament.uk,
5009,Baroness,Porter of Fulwood,Baroness Porter of Fulwood,Conservative,,020 7219 5353,020 7219 5353,,contactholmember@parliament.uk,
4555,Porter,of Spalding,Lord Porter of Spalding,Conservative,,020 7219 5353,020 7219 5353,,contactholmember@parliament.uk,
2527,Powell,of Bayswater,Lord Powell of Bayswater,Crossbench,,020 7219 5353,020 7219 5353,,contactholmember@parliament.uk,
2476,Baroness,Prashar,Baroness Prashar,Crossbench,,020 7219 6792,020 7219 6792,,prasharu@parliament.uk,
4401,Baroness,Prentis of Banbury,Baroness Prentis of Banbury,Conservative,,020 7219 5353,020 7219 5353,,contactholmember@parliament.uk,
4974,Prentis,of Leeds,Lord Prentis of Leeds,Labour,,,,,,
4570,Lord,Price,Lord Price,Conservative,,020 7219 4930,020 7219 4930,,dewdneyherbertl@parliament.uk,
217,Baroness,Primarolo,Baroness Primarolo,Labour,,020 7219 5353,020 7219 5353,,contactholmember@parliament.uk,
127,Prior,of Brampton,Lord Prior of Brampton,Non-affiliated,,020 7219 5353,020 7219 5353,,contactholmember@parliament.uk,
3684,Baroness,Prosser,Baroness Prosser,Labour,,020 7219 3000,020 7219 3000,,prosserm@parliament.uk,
4293,Purvis,of Tweed,Lord Purvis of Tweed,Liberal Democrat,,020 7219 5353,020 7219 5353,,contactholmember@parliament.uk,
5400,Baroness,Rafferty,Baroness Rafferty,Labour,,020 7219 5353,020 7219 5353,,contactholmember@parliament.uk,
3276,Baroness,Ramsay of Cartvale,Baroness Ramsay of Cartvale,Labour,,020 7219 5353,020 7219 5353,,contactholmember@parliament.uk,
5022,Baroness,Ramsey of Wall Heath,Baroness Ramsey of Wall Heath,Labour,,020 7219 5353,020 7219 5353,,contactholmember@parliament.uk,
209,Randall,of Uxbridge,Lord Randall of Uxbridge,Conservative,,020 7219 5353,020 7219 5353,,randallj@parliament.uk,
4729,Lord,Ranger,Lord Ranger,Conservative,,020 7219 5353,020 7219 5353,,contactholmember@parliament.uk,
4989,Ranger,of Northwood,Lord Ranger of Northwood,Conservative,,020 7219 5353,020 7219 5353,,contactholmember@parliament.uk,
5388,Lord,Raval,Lord Raval,Labour,,020 7219 5353,020 7219 5353,,contactholmember@parliament.uk,
4715,Lord,Ravensdale,Lord Ravensdale,Crossbench,,020 7219 5353,020 7219 5353,,contactholmember@parliament.uk,
3278,Baroness,Rawlings,Baroness Rawlings,Conservative,,020 7219 0664,020 7219 0664,,rawlingspe@parliament.uk,
3275,Lord,Razzall,Lord Razzall,Liberal Democrat,,020 7219 3000,020 7219 3000,,contactholmember@parliament.uk,
4713,Lord,Reay,Lord Reay,Conservative,,020 7219 5353,020 7219 5353,,contactholmember@parliament.uk,
4332,Baroness,Rebuck,Baroness Rebuck,Labour,,020 7219 5353,020 7219 5353,,contactholmember@parliament.uk,
3271,Lord,Redesdale,Lord Redesdale,Non-affiliated,,020 7219 5353,020 7219 5353,,contactholmember@parliament.uk,
4551,Baroness,Redfern,Baroness Redfern,Conservative,,020 7219 5353,020 7219 5353,,redferne@parliament.uk,
5397,Rees,of Easton,Lord Rees of Easton,Labour,,020 7219 5353,020 7219 5353,,contactholmember@parliament.uk,
3751,Rees,of Ludlow,Lord Rees of Ludlow,Crossbench,,020 7219 5353,020 7219 5353,,contactholmember@parliament.uk,
617,Reid,of Cardowan,Lord Reid of Cardowan,Labour,,020 7219 5353,020 7219 5353,,contactholmember@parliament.uk,
4946,Lord,Remnant,Lord Remnant,Conservative,,020 7219 5353,020 7219 5353,,contactholmember@parliament.uk,
2484,Lord,Rennard,Lord Rennard,Liberal Democrat,,020 7219 6717; Fax.020 7219 2458,020 7219 6717; Fax.020 7219 2458,,rennardc@parliament.uk,
4317,Richards,of Herstmonceux,Lord Richards of Herstmonceux,Crossbench,,Tel: 020 7219 5353,Tel: 020 7219 5353,,contactholmember@parliament.uk,
4587,Lord,Ricketts,Lord Ricketts,Crossbench,,020 7219 5353,020 7219 5353,,contactholmember@parliament.uk,
139,Lord,Risby,Lord Risby,Conservative,,020 7219 3000,020 7219 3000,,contactholmember@parliament.uk,
4130,Baroness,Ritchie of Downpatrick,Baroness Ritchie of Downpatrick,Labour,,207 219 6344,207 219 6344,,ritchiem@parliament.uk,
334,Lord,Robathan,Lord Robathan,Conservative,,020 7219 5353,020 7219 5353,,contactholmember@parliament.uk,
4961,Roberts,of Belgravia,Lord Roberts of Belgravia,Conservative,,020 7219 5353,020 7219 5353,,andrew@andrew-roberts.net,
3691,Roberts,of Llandudno,Lord Roberts of Llandudno,Liberal Democrat,,020 7219 8739,020 7219 8739,,contactholmember@parliament.uk,
672,Robertson,of Port Ellen,Lord Robertson of Port Ellen,Labour,,020 7219 5353,020 7219 5353,,robertsong@parliament.uk,
4953,Lord,Roborough,Lord Roborough,Conservative,,020 7219 5353,020 7219 5353,,roboroughm@parliament.uk,
4556,Baroness,Rock,Baroness Rock,Conservative,,020 7219 5353,020 7219 5353,,contactholmember@parliament.uk,
2478,Lord,Rogan,Lord Rogan,Ulster Unionist Party,,020 7219 5353,020 7219 5353,,contactholmember@parliament.uk,
5378,Lord,Rook,Lord Rook,Labour,,020 7219 5353,020 7219 5353,,contactholmember@parliament.uk,
302,Lord,Rooker,Lord Rooker,Labour,,020 7219 5353,020 7219 5353,,rookerj@parliament.uk,
4326,Rose,of Monewden,Lord Rose of Monewden,Conservative,,020 7219 5353,020 7219 5353,,contactholmember@parliament.uk,
4992,Lord,Rosenfield,Lord Rosenfield,Non-affiliated,,020 7219 5353,020 7219 5353,,contactholmember@parliament.uk,
3135,The,Earl of Rosslyn,The Earl of Rosslyn,Crossbench,,020 7219 5353,020 7219 5353,,contactholmember@parliament.uk,
554,Lord,Rowlands,Lord Rowlands,Labour,,020 7219 3842,020 7219 3842,,contactholmember@parliament.uk,
3703,Baroness,Royall of Blaisdon,Baroness Royall of Blaisdon,Labour,,020 7219 1435,020 7219 1435,,royallj@parliament.uk,
4983,Earl,Russell,Earl Russell,Liberal Democrat,,020 7219 5353,020 7219 5353,,contactholmember@parliament.uk,
2134,Russell,of Liverpool,Lord Russell of Liverpool,Crossbench,,020 7219 5353,020 7219 5353,,contactholmember@parliament.uk,
2154,Lord,Saatchi,Lord Saatchi,Conservative,,020 7219 5353,020 7219 5353,,contactholmember@parliament.uk,
4963,Lord,Sahota,Lord Sahota,Labour,,020 7219 5353,020 7219 5353,,contactholmember@parliament.uk,
2155,St,John of Bletso,Lord St John of Bletso,Crossbench,,020 7219 5353,020 7219 5353,,contactholmember@parliament.uk,
4727,Baroness,Sanderson of Welton,Baroness Sanderson of Welton,Conservative,,020 7219 5353,020 7219 5353,,contactholmember@parliament.uk,
4920,Lord,Sandhurst,Lord Sandhurst,Conservative,,020 7219 5353,020 7219 5353,,contactholmember@parliament.uk,
4882,Lord,Sarfraz,Lord Sarfraz,Conservative,,020 7219 5353,020 7219 5353,,lordsarfrazoffice@parliament.uk,
4146,Lord,Sassoon,Lord Sassoon,Conservative,,020 7219 5353,020 7219 5353,,contactholmember@parliament.uk,
4700,Baroness,Sater,Baroness Sater,Conservative,,020 7219 5353,020 7219 5353,,contactholmember@parliament.uk,
2105,Lord,Sawyer,Lord Sawyer,Labour,,020 7219 5353,020 7219 5353,,contactholmember@parliament.uk,
2099,Baroness,Scotland of Asthal,Baroness Scotland of Asthal,Labour,,020 7219 5353,020 7219 5353,,contactholmember@parliament.uk,
4553,Baroness,Scott of Bybrook,Baroness Scott of Bybrook,Conservative,,020 7219 5353,020 7219 5353,,contactholmember@parliament.uk,
2542,Baroness,Scott of Needham Market,Baroness Scott of Needham Market,Liberal Democrat,,020 7219 5353,020 7219 5353,,scottrc@parliament.uk,
4333,Lord,Scriven,Lord Scriven,Liberal Democrat,,020 7219 5353,020 7219 5353,,contactholmember@parliament.uk,
2097,Baroness,Seccombe,Baroness Seccombe,Conservative,,020 7219 5353,020 7219 5353,,seccombej@parliament.uk,
4886,Lord,Sedwill,Lord Sedwill,Crossbench,,020 7219 5353,020 7219 5353,,contactholmember@parliament.uk,
3762,Lord,Sentamu,Lord Sentamu,Crossbench,,020 7219 5353,020 7219 5353,,contactholmember@parliament.uk,
4978,Sewell,of Sanderstead,Lord Sewell of Sanderstead,Conservative,,020 7219 5353,020 7219 5353,,tony@generatinggenius.org.uk,
4198,Baroness,Shackleton of Belgravia,Baroness Shackleton of Belgravia,Conservative,,020 7219 5353,020 7219 5353,,contactholmember@parliament.uk,
4894,Baroness,Shafik,Baroness Shafik,Crossbench,,020 7219 5353,020 7219 5353,,contactholmember@parliament.uk,
5013,Lord,Shamash,Lord Shamash,Labour,,020 7219 5353,020 7219 5353,,contactholmember@parliament.uk,
4196,Lord,Sharkey,Lord Sharkey,Liberal Democrat,,020 7219 5353,020 7219 5353,,sharkeyjk@parliament.uk,
4014,Lord,Sharma,Lord Sharma,Conservative,,020 7219 7131,020 7219 7131,,alok.sharma@parliament.uk,
4888,Sharpe,of Epsom,Lord Sharpe of Epsom,Conservative,,020 7219 5353,020 7219 5353,,sharpea@parliament.uk,
5406,Baroness,Shawcross-Wolfson,Baroness Shawcross-Wolfson,Conservative,,020 7219 5353,020 7219 5353,,contactholmember@parliament.uk,
4548,Baroness,Sheehan,Baroness Sheehan,Liberal Democrat,,020 7219 5353,020 7219 5353,,contactholmember@parliament.uk,
4980,The,Bishop of Sheffield,The Lord Bishop of Sheffield,Bishops,,0207 219 5353,0207 219 5353,,wilcoxp@parliament.uk,
132,Baroness,Shephard of Northwold,Baroness Shephard of Northwold,Conservative,,020 7219 4557,020 7219 4557,,contactholmember@parliament.uk,
4287,Sherbourne,of Didsbury,Lord Sherbourne of Didsbury,Conservative,,020 7219 5353,020 7219 5353,,contactholmember@parliament.uk,
4147,Baroness,Sherlock,Baroness Sherlock,Labour,Minister of State,020 7219 5353,020 7219 5353,,sherlockm@parliament.uk,
4325,Baroness,Shields,Baroness Shields,Conservative,,020 7219 5353,020 7219 5353,,contactholmember@parliament.uk,
4557,Lord,Shinkwin,Lord Shinkwin,Conservative,,020 7219 5353,020 7219 5353,,contactholmember@parliament.uk,
4176,Lord,Shipley,Lord Shipley,Liberal Democrat,,020 7219 5353,020 7219 5353,,shipleyj@parliament.uk,
2147,The,Earl of Shrewsbury,The Earl of Shrewsbury,Conservative,,020 7219 3158,020 7219 3158,,shrewsburyc@parliament.uk,
4885,Lord,Sikka,Lord Sikka,Labour,,020 7219 5353,020 7219 5353,,contactholmember@parliament.uk,
4251,Singh,of Wimbledon,Lord Singh of Wimbledon,Crossbench,,020 7219 5353,020 7219 5353,,singhia@parliament.uk,
3120,Lord,Skidelsky,Lord Skidelsky,Crossbench,,020 7219 5353,020 7219 5353,,contactholmember@parliament.uk,
4170,Baroness,Smith of Basildon,Baroness Smith of Basildon,Labour,Leader of the House of Lords,020 7219 5353,020 7219 5353,,contactholmember@parliament.uk,
5370,Baroness,Smith of Cluny,Baroness Smith of Cluny,Labour,Advocate General for Scotland,020 7219 5353,020 7219 5353,,contactholmember@parliament.uk,
186,Smith,of Finsbury,Lord Smith of Finsbury,Labour,,020 7219 5353,020 7219 5353,,contactholmember@parliament.uk,
4542,Smith,of Hindhead,Lord Smith of Hindhead,Conservative,,020 7219 5353,020 7219 5353,,contactholmember@parliament.uk,
3856,Smith,of Kelvin,Lord Smith of Kelvin,Crossbench,,020 7219 5353,020 7219 5353,,contactholmember@parliament.uk,
5023,Baroness,Smith of Llanfaes,Baroness Smith of Llanfaes,Plaid Cymru,,020 7219 5353,020 7219 5353,,carmen.smith@parliament.uk,
269,Baroness,Smith of Malvern,Baroness Smith of Malvern,Labour,Minister for Skills,020 7219 5353,020 7219 5353,,smithjq@parliament.uk,
4323,Baroness,Smith of Newnham,Baroness Smith of Newnham,Liberal Democrat,,020 7219 3214,020 7219 3214,,jes42@parliament.uk,
319,Lord,Snape,Lord Snape,Labour,,020 7219 5353,020 7219 5353,,contactholmember@parliament.uk,
116,Soames,of Fletching,Lord Soames of Fletching,Conservative,,020 7219 5353,020 7219 5353,,soamesn@parliament.uk,
3147,The,Duke of Somerset,The Duke of Somerset,Crossbench,,020 7219 5353,020 7219 5353,,contactholmember@parliament.uk,
4345,The,Bishop of Southwark,The Lord Bishop of Southwark,Bishops,,020 7219 5353,020 7219 5353,,contactholmember@parliament.uk,
4940,The,Bishop of Southwell and Nottingham,The Lord Bishop of Southwell and Nottingham,Bishops,,020 7219 5353,020 7219 5353,,contactholmember@parliament.uk,
318,Lord,Spellar,Lord Spellar,Labour,,020 7219 5353,020 7219 5353,,contactholmember@parliament.uk,
4892,Spencer,of Alresford,Lord Spencer of Alresford,Conservative,,020 7219 5353,020 7219 5353,,contactholmember@parliament.uk,
5404,Baroness,Spielman,Baroness Spielman,Conservative,,,,,,
3137,The,Earl of Stair,The Earl of Stair,Crossbench,,020 7219 5353,020 7219 5353,,dalrymplej@parliament.uk,
4925,Viscount,Stansgate,Viscount Stansgate,Labour,,020 7219 5353,020 7219 5353,,contactholmember@parliament.uk,
4174,Baroness,Stedman-Scott,Baroness Stedman-Scott,Conservative,,020 7219 8919,020 7219 8919,,stedmanscottd@parliament.uk / stedman.scott@outlook.com,
4239,Lord,Stephen,Lord Stephen,Liberal Democrat,,020 7219 2964,020 7219 2964,,stephenn@parliament.uk,
2228,Sterling,of Plaistow,Lord Sterling of Plaistow,Conservative,,020 7219 6929,020 7219 6929,,pa@lordsterling.co.uk,
2475,Baroness,Stern,Baroness Stern,Crossbench,,020 7219 5353,020 7219 5353,,contactholmember@parliament.uk,
3846,Stern,of Brentford,Lord Stern of Brentford,Crossbench,,020 7219 5353,020 7219 5353,,contactholmember@parliament.uk,
4924,Stevens,of Birmingham,Lord Stevens of Birmingham,Crossbench,,020 7219 5353,020 7219 5353,,contactholmember@parliament.uk,
3733,Stevens,of Kirkwhelpington,Lord Stevens of Kirkwhelpington,Crossbench,,020 7219 5353,020 7219 5353,,contactholmember@parliament.uk,
2227,Stevens,of Ludgate,Lord Stevens of Ludgate,Conservative Independent,,020 7219 5353,020 7219 5353,,stevensdavid@parliament.uk,
4175,Stevenson,of Balmacara,Lord Stevenson of Balmacara,Labour,,020 7219 8914,020 7219 8914,,stevensonw@parliament.uk,
4899,Stewart,of Dirleton,Lord Stewart of Dirleton,Conservative,,020 7219 5353,020 7219 5353,,contactholmember@parliament.uk,
4233,Lord,Stirrup,Lord Stirrup,Crossbench,,020 7219 5353,020 7219 5353,,contactholmember@parliament.uk,
4215,Stoneham,of Droxford,Lord Stoneham of Droxford,Liberal Democrat,,020 7219 5353,020 7219 5353,,contactholmember@parliament.uk,
4238,Lord,Storey,Lord Storey,Liberal Democrat,,020 7219 5353,020 7219 5353,,storeym@parliament.uk,
4205,Baroness,Stowell of Beeston,Baroness Stowell of Beeston,Conservative,,020 7219 5353,020 7219 5353,,stowellt@parliament.uk,
4204,Lord,Strasburger,Lord Strasburger,Liberal Democrat,,020 7219 5353,020 7219 5353,,strasburgerp@parliament.uk,
4937,Lord,Strathcarron,Lord Strathcarron,Non-affiliated,,020 7219 5353,020 7219 5353,,contactholmember@parliament.uk,
2221,Lord,Strathclyde,Lord Strathclyde,Conservative,,020 7219 5353,020 7219 5353,,contactholmember@parliament.uk,
4546,Baroness,Stroud,Baroness Stroud,Conservative,,020 7219 5353,020 7219 5353,,contactholmember@parliament.uk,
296,Baroness,Stuart of Edgbaston,Baroness Stuart of Edgbaston,Crossbench,,020 7219 5353,020 7219 5353,,stuartg@parliament.uk,
3897,Lord,Sugar,Lord Sugar,Crossbench,,020 7219 5353,020 7219 5353,,contactholmember@parliament.uk,
4584,Baroness,Sugg,Baroness Sugg,Conservative,,020 7219 5353,020 7219 5353,,contactholmember@parliament.uk,
4328,Lord,Suri,Lord Suri,Conservative,,020 7219 5353,020 7219 5353,,contactholmember@parliament.uk,
4298,Baroness,Suttie,Baroness Suttie,Liberal Democrat,,020 7219 5353,020 7219 5353,,contactholmember@parliament.uk,
4985,Baroness,Swinburne,Baroness Swinburne,Conservative,,020 7219 5353,020 7219 5353,,contactholmember@parliament.uk,
1408,Lord,Swire,Lord Swire,Conservative,,020 7219 5353,020 7219 5353,,contactholmember@parliament.uk,
2233,Baroness,Symons of Vernham Dean,Baroness Symons of Vernham Dean,Labour,,020 7219 5353,020 7219 5353,,contactholmember@parliament.uk,
5027,Lord,Tarassenko,Lord Tarassenko,Crossbench,,020 7219 5353,020 7219 5353,,tarassenkol@parliament.uk,
407,Baroness,Taylor of Bolton,Baroness Taylor of Bolton,Labour,,020 7219 5183,020 7219 5183,,taylora@parliament.uk,
228,Taylor,of Goss Moor,Lord Taylor of Goss Moor,Liberal Democrat,,020 7219 5353,020 7219 5353,,contactholmember@parliament.uk,
3787,Taylor,of Holbeach,Lord Taylor of Holbeach,Conservative,,020 7219 5353,020 7219 5353,,taylorjl@parliament.uk,
4956,Baroness,Taylor of Stevenage,Baroness Taylor of Stevenage,Labour,Baroness in Waiting,020 7219 5353,020 7219 5353,,taylors@parliament.uk,
1796,Taylor,of Warwick,Lord Taylor of Warwick,Non-affiliated,,020 7219 5353,020 7219 5353,,taylorjdb@parliament.uk,
3789,Lord,Teverson,Lord Teverson,Liberal Democrat,,0207 219 5353,0207 219 5353,,teversonr@parliament.uk,
4309,Thomas,of Cwmgiedd,Lord Thomas of Cwmgiedd,Crossbench,,020 7219 5353,020 7219 5353,,thomasjl@parliament.uk,
1804,Thomas,of Gresford,Lord Thomas of Gresford,Liberal Democrat,,020 7219 5353,020 7219 5353,,contactholmember@parliament.uk,
3785,Baroness,Thomas of Winchester,Baroness Thomas of Winchester,Liberal Democrat,,020 7219 5353,020 7219 5353,,contactholmember@parliament.uk,
4558,Baroness,Thornhill,Baroness Thornhill,Liberal Democrat,,020 7219 5353,020 7219 5353,,contactholmember@parliament.uk,
1782,Baroness,Thornton,Baroness Thornton,Labour,,020 7219 8502,020 7219 8502,,thorntong@parliament.uk,
4353,Lord,Thurlow,Lord Thurlow,Crossbench,,020 7219 5353,020 7219 5353,,thurlowr@parliament.uk,
1399,Viscount,Thurso,Viscount Thurso,Liberal Democrat,,020 7219 5353,020 7219 5353,,contactholmember@parliament.uk,
5364,Lord,Timpson,Lord Timpson,Labour,"Minister for Prisons, Parole and Probation",020 7219 5353,020 7219 5353,,contactholmember@parliament.uk,
1703,Lord,Tope,Lord Tope,Liberal Democrat,,020 7219 3098,020 7219 3098,,topeg@parliament.uk,
542,Lord,Touhig,Lord Touhig,Labour,,020 7219 7248,020 7219 7248,,touhigjd@parliament.uk,
4260,Lord,Trees,Lord Trees,Crossbench,,020 7219 5353,020 7219 5353,,contactholmember@parliament.uk,
1813,Lord,Trefgarne,Lord Trefgarne,Conservative,,020 7219 5353,020 7219 5353,,contactholmember@parliament.uk,
1829,Viscount,Trenchard,Viscount Trenchard,Conservative,,020 7219 5353,020 7219 5353,,contactholmember@parliament.uk,
4560,Trevethin,and Oaksey,Lord Trevethin and Oaksey,Crossbench,,020 7219 5353,020 7219 5353,,contactholmember@parliament.uk,
3651,Lord,Triesman,Lord Triesman,Labour,,020 7219 5353,020 7219 5353,,triesmand@parliament.uk,
4200,Lord,True,Lord True,Conservative,,0207 219 5353,0207 219 5353,,contactholmember@parliament.uk,
3682,Lord,Truscott,Lord Truscott,Non-affiliated,,020 7219 5353,020 7219 5353,,contactholmember@parliament.uk,
1705,Lord,Tugendhat,Lord Tugendhat,Conservative,,020 7219 5353,020 7219 5353,,tugendhatc@parliament.uk,
3671,Lord,Tunnicliffe,Lord Tunnicliffe,Labour,,0207 219 5353,0207 219 5353,,contactholmember@parliament.uk,
2537,Lord,Turnberg,Lord Turnberg,Labour,,020 7219 5353,020 7219 5353,,turnbergl@parliament.uk,
3758,Lord,Turnbull,Lord Turnbull,Crossbench,,020 7219 5353,020 7219 5353,,andrew@the-turnbulls.com,
3752,Turner,of Ecchinswell,Lord Turner of Ecchinswell,Crossbench,,020 7219 5353,020 7219 5353,,contactholmember@parliament.uk,
4966,Baroness,Twycross,Baroness Twycross,Labour,Minister for Gambling,020 7219 5353,020 7219 5353,,contactholmember@parliament.uk,
4231,Baroness,Tyler of Enfield,Baroness Tyler of Enfield,Liberal Democrat,,0207 219 5353,0207 219 5353,,tylerc@parliament.uk,
112,Lord,Tyrie,Lord Tyrie,Non-affiliated,,020 7219 5353,020 7219 5353,,tyriea@parliament.uk,
1827,Baroness,Uddin,Baroness Uddin,Non-affiliated,,020 7219 8506,020 7219 8506,,uddinm@parliament.uk,
4898,Lord,Udny-Lister,Lord Udny-Lister,Conservative,,020 7219 5353,020 7219 5353,,listere@parliament.uk,
1580,Vaizey,of Didcot,Lord Vaizey of Didcot,Conservative,,020 7219 5353,020 7219 5353,,vaizeye@parliament.uk,
3757,Baroness,Valentine,Baroness Valentine,Crossbench,,020 7219 5353,020 7219 5353,,contactholmember@parliament.uk,
5363,Vallance,of Balham,Lord Vallance of Balham,Labour,"Minister for Science, Research and Innovation",020 7219 5353,020 7219 5353,,contactholmember@parliament.uk,
4687,Vaux,of Harrowden,Lord Vaux of Harrowden,Crossbench,,020 7219 5353,020 7219 5353,,contactholmember@parliament.uk,
4962,Lord,Verdirame,Lord Verdirame,Non-affiliated,,020 7219 5353,020 7219 5353,,verdirameg@parliament.uk,
4580,Baroness,Vere of Norbiton,Baroness Vere of Norbiton,Conservative,,020 7219 5353,020 7219 5353,,verec@parliament.uk,
4299,Lord,Verjee,Lord Verjee,Liberal Democrat,,020 7219 5353,020 7219 5353,,contactholmember@parliament.uk,
3790,Baroness,Verma,Baroness Verma,Conservative,,020 7219 5353,020 7219 5353,,contactholmember@parliament.uk,
1278,Lord,Wakeham,Lord Wakeham,Conservative,,020 7219 3162,020 7219 3162,,contactholmember@parliament.uk,
957,Waldegrave,of North Hill,Lord Waldegrave of North Hill,Conservative,,020 7219 5353,020 7219 5353,,contactholmember@parliament.uk,
3825,Walker,of Aldringham,Lord Walker of Aldringham,Crossbench,,020 7219 5353,020 7219 5353,,contactholmember@parliament.uk,
1816,Wallace,of Saltaire,Lord Wallace of Saltaire,Liberal Democrat,,020 7219 3125,020 7219 3125,,wallacew@parliament.uk,
630,Wallace,of Tankerness,Lord Wallace of Tankerness,Liberal Democrat,,020 7219 3526,020 7219 3526,,wallacej@parliament.uk,
2547,Baroness,Walmsley,Baroness Walmsley,Liberal Democrat,,020 7219 6047,020 7219 6047,,walmsleyj@parliament.uk,
3917,Lord,Walney,Lord Walney,Crossbench,,020 7219 5353,020 7219 5353,,enquiries@lordwalney.uk,
3839,Baroness,Warsi,Baroness Warsi,Non-affiliated,,020 7219 5353,020 7219 5353,,warsis@parliament.uk,
2471,Baroness,Warwick of Undercliffe,Baroness Warwick of Undercliffe,Labour,,020 7219 5353,020 7219 5353,,contactholmember@parliament.uk,
4207,Lord,Wasserman,Lord Wasserman,Conservative,,020 7219 5353,020 7219 5353,,contactholmember@parliament.uk,
4566,Baroness,Watkins of Tavistock,Baroness Watkins of Tavistock,Crossbench,,020 7219 5459,020 7219 5459,,watkinsm@parliament.uk,
1241,Watson,of Invergowrie,Lord Watson of Invergowrie,Labour,,020 7219 8731,020 7219 8731,,watsonm@parliament.uk,
1463,Watson,of Wyre Forest,Lord Watson of Wyre Forest,Labour,,0207 219 5353,0207 219 5353,,contactholmember@parliament.uk,
489,Lord,Watts,Lord Watts,Labour,,020 7219 5353,020 7219 5353,,contactholmember@parliament.uk,
4145,Lord,Wei,Lord Wei,Conservative,,020 7219 5353,020 7219 5353,,contactholmember@parliament.uk,
4970,Weir,of Ballyholme,Lord Weir of Ballyholme,Democratic Unionist Party,,020 7219 5353,020 7219 5353,,weirp@parliament.uk,
4541,The,Duke of Wellington,The Duke of Wellington,Crossbench,,020 7219 5353,020 7219 5353,,contactholmember@parliament.uk,
3834,West,of Spithead,Lord West of Spithead,Labour,,020 7219 5353,020 7219 5353,,westaa@parliament.uk,
4123,Wharton,of Yarm,Lord Wharton of Yarm,Conservative,,020 7219 5353,020 7219 5353,,contactholmember@parliament.uk,
4199,Baroness,Wheatcroft,Baroness Wheatcroft,Crossbench,,020 7219 5353,020 7219 5353,,contactholmember@parliament.uk,
4157,Baroness,Wheeler,Baroness Wheeler,Labour,Captain of the King's Bodyguard of the Yeomen of the Guard (Lords Deputy Chief Whip),0207 219 5353,0207 219 5353,,contactholmember@parliament.uk,
2510,Baroness,Whitaker,Baroness Whitaker,Labour,,020 7219 5353,020 7219 5353,,contactholmember@parliament.uk,
4292,Lord,Whitby,Lord Whitby,Conservative,,020 7219 5353,020 7219 5353,,contactholmember@parliament.uk,
2444,Lord,Whitty,Lord Whitty,Labour,,020 7219 3118,020 7219 3118,,whittyl@parliament.uk,
547,Lord,Wigley,Lord Wigley,Plaid Cymru,,020 7219 5021,020 7219 5021,,contactholmember@parliament.uk,
4730,Baroness,Wilcox of Newport,Baroness Wilcox of Newport,Labour,,020 7219 5353,020 7219 5353,,contactholmember@parliament.uk,
53,Lord,Willetts,Lord Willetts,Conservative,,020 7219 5353,020 7219 5353,,contactholmember@parliament.uk,
4311,Baroness,Williams of Trafford,Baroness Williams of Trafford,Conservative,,020 7219 5353,020 7219 5353,,contactholmember@parliament.uk,
4151,Willis,of Knaresborough,Lord Willis of Knaresborough,Liberal Democrat,,020 7219 5709,020 7219 5709,,willisg@parliament.uk,
4945,Baroness,Willis of Summertown,Baroness Willis of Summertown,Crossbench,,020 7219 5353,020 7219 5353,,contactholmember@parliament.uk,
260,Lord,Wills,Lord Wills,Labour,,020 7219 3000,020 7219 3000,,contactholmember@parliament.uk,
2206,Wilson,of Dinton,Lord Wilson of Dinton,Crossbench,,020 7219 5353,020 7219 5353,,contactholmember@parliament.uk,
1603,Wilson,of Sedgefield,Lord Wilson of Sedgefield,Labour,Lord in Waiting,020 7219 5353,020 7219 5353,,contactholmember@parliament.uk,
5004,The,Bishop of Winchester,The Lord Bishop of Winchester,Bishops,,020 7219 5353,020 7219 5353,,contactholmember@parliament.uk,
1770,Lord,Winston,Lord Winston,Labour,,020 7219 5353,020 7219 5353,,contactholmember@parliament.uk,
390,Baroness,Winterton of Doncaster,Baroness Winterton of Doncaster,Labour,,020 7219 5353,020 7219 5353,,contactholmember@parliament.uk,
4347,Baroness,Wolf of Dulwich,Baroness Wolf of Dulwich,Crossbench,,020 7219 5353,020 7219 5353,,wolfa@parliament.uk,
4152,Wolfson,of Aspley Guise,Lord Wolfson of Aspley Guise,Conservative,,020 7219 5353,020 7219 5353,,contactholmember@parliament.uk,
4901,Wolfson,of Tredegar,Lord Wolfson of Tredegar,Conservative,,020 7219 5353,020 7219 5353,,wolfsond@parliament.uk,
4217,Wood,of Anfield,Lord Wood of Anfield,Labour,,020 7219 5854,020 7219 5854,,stewart.wood@parliament.uk,
4897,Lord,Woodley,Lord Woodley,Labour,,020 7219 5353,020 7219 5353,,contactholmember@parliament.uk,
1773,Lord,Woolf,Lord Woolf,Crossbench,,020 7219 3156,020 7219 3156,,contactholmember@parliament.uk,
4722,Woolley,of Woodford,Lord Woolley of Woodford,Crossbench,,020 7219 5353,020 7219 5353,,contactholmember@parliament.uk,
965,Lord,Wrigglesworth,Lord Wrigglesworth,Liberal Democrat,,020 7219 8743,020 7219 8743,,wrigglesworthi@parliament.uk,
1746,Lord,Wrottesley,Lord Wrottesley,Conservative,,020 7219 5353,020 7219 5353,,contactholmember@parliament.uk,
4685,Baroness,Wyld,Baroness Wyld,Conservative,,020 7219 5353,020 7219 5353,,contactholmember@parliament.uk,
4315,The,Archbishop of York,The Lord Archbishop of York,Bishops,,020 7219 5353,020 7219 5353,,office@archbishopofyork.org,
5379,Young,of Acton,Lord Young of Acton,Conservative,,020 7219 5353,020 7219 5353,,contactholmember@parliament.uk,
57,Young,of Cookham,Lord Young of Cookham,Conservative,,020 7219 5353,020 7219 5353,,youngg@parliament.uk,
3696,Baroness,Young of Hornsey,Baroness Young of Hornsey,Crossbench,,020 7219 5991,020 7219 5991,,younglo@parliament.uk,
3702,Young,of Norwood Green,Lord Young of Norwood Green,Labour,,020 7219 5353,020 7219 5353,,contactholmember@parliament.uk,
1755,Baroness,Young of Old Scone,Baroness Young of Old Scone,Labour,,020 7219 5353,020 7219 5353,,youngb@parliament.uk,
4982,Young,of Old Windsor,Lord Young of Old Windsor,Crossbench,,020 7219 3000,020 7219 3000,,contactholmember@parliament.uk,
4169,Viscount,Younger of Leckie,Viscount Younger of Leckie,Conservative,,020 7219 5353,020 7219 5353,,contactholmember@parliament.uk,
