Mark when done ‚¨áÔ∏è‚¨áÔ∏è‚¨áÔ∏è,Phone number (might be a switchboard),Full name,Email sent?,Email address (only if you can't reach them by phone),Party_x,Priority,Position,Government position,id_parliament,First name,Last name,Parliamentary phone number,Constituency phone number,Constituency email address,Member,Party_y,Type of Peerage,Vote
Voice message,2072193775,Lord Low of Dalston,False,contactholmember@parliament.uk,Crossbench,1,,,3803,Low,of Dalston,2072193775,,,,,,
No answer only email,004420 7219 5353,Baroness Fox of Buckley,False,foxcr@parliament.uk,Non-affiliated,1,,,4887,Baroness,Fox of Buckley,020 7219 5353,,,Baroness Fox of Buckley,Non-affiliated,Life peer,Content
"Number not parlimentary office, but in London",020 3432 9891,Lord Carlile of Berriew,False,carlilea@parliament.uk,Crossbench,1,,,1138,Carlile,of Berriew,020 3432 9891,,,Lord Carlile of Berriew,Crossbench,Life peer,Not Content
Voicemail,020 7219 0520,Baroness Hollins,False,hollinss@parliament.uk,Crossbench,1,,,4190,Baroness,Hollins,020 7219 0520,,,,,,
Is attending - writing a speech,020 7219 0926,Baroness Doocey,False,dooceyd@parliament.uk,Liberal Democrat,1,,,4197,Baroness,Doocey,020 7219 0926,,,,,,
No voicemail facility,020 7219 1492,Baroness Kramer,False,kramers@parliament.uk,Liberal Democrat,1,,,1557,Baroness,Kramer,020 7219 1492,,,,,,
Immediate cut-off,020 7219 1668,Viscount Brookeborough,False,contactholmember@parliament.uk,Crossbench,1,,,3333,Viscount,Brookeborough,020 7219 1668,,,,,,
Voicemail,020 7219 2200,Lord Craig of Radley,False,craigd@parliament.uk,Crossbench,1,,,3385,Craig,of Radley,020 7219 2200,,,,,,
Voice message,020 7219 2530,Lord Cameron of Dillington,False,camerone@parliament.uk,Crossbench,1,,,3705,Cameron,of Dillington,020 7219 2530,,,,,,
Voice message,020 7219 2561,Lord Palmer of Childs Hill,False,palmerm@parliament.uk,Liberal Democrat,1,,,4214,Palmer,of Childs Hill,020 7219 2561,,,Lord Palmer of Childs Hill,Liberal Democrat,Life peer,Not Content
Immediate cut-off,020 7219 2716,Baroness Neuberger,False,neubergerj@parliament.uk,Crossbench,1,,,3690,Baroness,Neuberger,020 7219 2716,,,,,,
Voicemail,020 7219 2747,Baroness Garden of Frognal,False,gardens@parliament.uk,Liberal Democrat,1,,,3842,Baroness,Garden of Frognal,020 7219 2747,,,,,,
voicemail left,020 7219 2809,Baroness Falkner of Margravine,False,falknerk@parliament.uk,Crossbench,1,,,3670,Baroness,Falkner of Margravine,020 7219 2809,,,Baroness Falkner of Margravine,Crossbench,Life peer,Not Content
Voicemail,020 7219 2955,Baroness Barker,False,contactholmember@parliament.uk,Liberal Democrat,1,,,2501,Baroness,Barker,020 7219 2955,,,,,,
Phone number not working,020 7219 2964,Lord Stephen,False,stephenn@parliament.uk,Liberal Democrat,1,,,4239,Lord,Stephen,020 7219 2964,,,,,,
call didnt go thro,020 7219 3000,Baroness Altmann,False,altmannr@parliament.uk,Non-affiliated,1,,,4533,Baroness,Altmann,020 7219 3000,,,Baroness Altmann,Non-affiliated,Life peer,Not Content
switchboard,020 7219 3000,Lord Kakkar,False,contactholmember@parliament.uk,Crossbench,1,,,3766,Lord,Kakkar,020 7219 3000,,,,,,
call did not go thro,020 7219 3000,Lord Razzall,False,contactholmember@parliament.uk,Liberal Democrat,1,,,3275,Lord,Razzall,020 7219 3000,,,,,,
Email only ,020 7219 3000,Lord Butler of Brockwell,False,lord.butler@univ.ox.ac.uk,Crossbench,1,,,3337,Butler,of Brockwell,020 7219 3000,,,,,,
Email only - NEY,020 7219 3000,Lord Young of Old Windsor,False,contactholmember@parliament.uk,Crossbench,1,,,4982,Young,of Old Windsor,020 7219 3000,,,,,,
Voicemail,020 7219 3125,Lord Wallace of Saltaire,False,wallacew@parliament.uk,Liberal Democrat,1,,,1816,Wallace,of Saltaire,020 7219 3125,,,,,,
"‚ù§Ô∏è Done, Promised to speak to colleagues, though busy herelf on welfare reform",020 7219 3143,Baroness Grey-Thompson,False,greythompsont@parliament.uk,Crossbench,1,,,3862,Baroness,Grey-Thompson,020 7219 3143,,,,,,
calling,020 7219 3156,Baroness Butler-Sloss,False,butlerslosse@parliament.uk,Crossbench,1,,,3804,Baroness,Butler-Sloss,020 7219 3156,,,,,,
spoke to some one- he wont be in house today,020 7219 3156,Lord Morse,False,morsea@parliament.uk,Crossbench,1,,,4914,Lord,Morse,020 7219 3156,,,,,,
Away - cannot attend,020 7219 3156,Lord Woolf,False,contactholmember@parliament.uk,Crossbench,1,,,1773,Lord,Woolf,020 7219 3156,,,,,,
No attending,020 7219 3156,Lord Jay of Ewelme,False,jaymh@parliament.uk,Crossbench,1,,,3818,Jay,of Ewelme,020 7219 3156,,,,,,
No answer,020 7219 3156,Lord Burnett of Maldon,False,burnetti@parliament.uk,Crossbench,1,,,4691,Burnett,of Maldon,020 7219 3156,,,,,,
Voicemail,020 7219 3190,Lord Inglewood,False,inglewoodw@parliament.uk,Crossbench,1,,,1980,Lord,Inglewood,020 7219 3190,,,,,,
Voice message,020 7219 3214,Baroness Smith of Newnham,False,jes42@parliament.uk,Liberal Democrat,1,,,4323,Baroness,Smith of Newnham,020 7219 3214,,,,,,
Voice message left,020 7219 3215,Lord Fox,False,contactholmember@parliament.uk,Liberal Democrat,1,,,4322,Lord,Fox,020 7219 3215,,,,,,
Voicemail,020 7219 3526,Lord Wallace of Tankerness,False,wallacej@parliament.uk,Liberal Democrat,1,,,630,Wallace,of Tankerness,020 7219 3526,,,,,,
call doesnt go thro,020 7219 3540,Lord Beith,False,beithalanj@gmail.com,Liberal Democrat,1,,,513,Lord,Beith,020 7219 3540,,,,,,
call goes through but voice mail says email only,020 7219 3551,Lord Alton of Liverpool,False,altond@parliament.uk,Crossbench,1,,,738,Alton,of Liverpool,020 7219 3551,,,,,,
can't make it,020 7219 3670,Baroness D'Souza,False,dsouzaf@parliament.uk,Crossbench,1,,,3709,Baroness,D'Souza,020 7219 3670,,,Baroness D'Souza,Crossbench,Life peer,Content
calling,020 7219 3884,The Earl of Cork and Orrery,False,corkj@parliament.uk,Crossbench,1,,,4574,The,Earl of Cork and Orrery,020 7219 3884,,,,,,
Voice message,020 7219 4195,Baroness Parminter,False,parminterk@parliament.uk,Liberal Democrat,1,,,4178,Baroness,Parminter,020 7219 4195,,,,,,
no answer  - immediate cutoff,020 7219 5021,Lord Wigley,False,contactholmember@parliament.uk,Plaid Cymru,1,,,547,Lord,Wigley,020 7219 5021,,,,,,
voicemail left,020 7219 5083,Baroness Hayman,False,haymanh@parliament.uk,Crossbench,1,,,1649,Baroness,Hayman,020 7219 5083,,,,,,
Voice message left ,020 7219 5101,Lord Freyberg,False,freybergv@parliament.uk,Crossbench,1,,,2593,Lord,Freyberg,020 7219 5101,,,Lord Freyberg,Crossbench,Excepted Hereditary,Content
voicemail left,020 7219 5124,Baroness Campbell of Surbiton,False,campbelljs@parliament.uk,Crossbench,1,,,3831,Baroness,Campbell of Surbiton,020 7219 5124,,,,,,
answered by staff member who can't put you through - try emailing,020 7219 5353 /01277 352001,The Lord Bishop of Chelmsford,False,Bishop.Chelmsford@chelmsford.anglican.org,Bishops,1,,,4922,The,Bishop of Chelmsford,020 7219 5353 / 01277 352001,,,,,,
voicemail,020 7219 5443,Lord McNally,False,mcnallyt@parliament.uk,Liberal Democrat,1,,,919,Lord,McNally,020 7219 5443,,,,,,
No answer,020 7219 5459,Baroness Watkins of Tavistock,False,watkinsm@parliament.uk,Crossbench,1,,,4566,Baroness,Watkins of Tavistock,020 7219 5459,,,,,,
Really receptive ‚ù§Ô∏è,020 7219 5463,Baroness Brown of Cambridge,False,kingjb@parliament.uk,Crossbench,1,,,4565,Baroness,Brown of Cambridge,020 7219 5463,,,,,,
hangs up automatically ,020 7219 5678,Lord Cromwell,False,cromwellg@parliament.uk,Crossbench,1,,,2594,Lord,Cromwell,020 7219 5678,,,,,,
Voice message,020 7219 5709,Lord Willis of Knaresborough,False,willisg@parliament.uk,Liberal Democrat,1,,,4151,Willis,of Knaresborough,020 7219 5709,,,,,,
Voice message,020 7219 5991,Lord Wrigglesworth,False,younglo@parliament.uk,Crossbench,1,,,3696,Baroness,Young of Hornsey,020 7219 5991,,,,,,
Voice message,020 7219 6047,Baroness Walmsley,False,walmsleyj@parliament.uk,Liberal Democrat,1,,,2547,Baroness,Walmsley,020 7219 6047,,,,,,
Voicemail,020 7219 6067,Lord Hoffmann,False,hoffmann@parliament.uk,Crossbench,1,,,2633,Lord,Hoffmann,020 7219 6067,,,,,,
Lost connection because he was on the underground- left VM - abstaining 'should be done individually ' not sure what that means but he hung up,020 7219 6563,Lord Goddard of Stockport,False,goddardd@parliament.uk,Liberal Democrat,1,,,4334,Goddard,of Stockport,020 7219 6563,,,,,,
voicemail left,020 7219 6693,Baroness Finlay of Llandaff,False,finlayi@parliament.uk,Crossbench,1,,,3609,Baroness,Finlay of Llandaff,020 7219 6693,,,,,,
Voice message,020 7219 6717; Fax.020 7219 2458,Lord Rennard,False,rennardc@parliament.uk,Liberal Democrat,1,,,2484,Lord,Rennard,020 7219 6717; Fax.020 7219 2458,,,,,,
Voicemail left,020 7219 6799,Lord Best,False,best@parliament.uk,Crossbench,1,,,3605,Lord,Best,020 7219 6799,,,,,,
Voicemail left ,020 7219 6861,Lord Aberdare,False,aberdarea@parliament.uk,Crossbench,1,,,3898,Lord,Aberdare,020 7219 6861,,,,,,
Voicemail left,020 7219 8269,Baroness Burt of Solihull,False,burtl@parliament.uk,Liberal Democrat,1,,,1567,Baroness,Burt of Solihull,020 7219 8269,,,,,,
Phone number not working,020 7219 8308,Lord Hope of Craighead,False,hopejad@parliament.uk,Crossbench,1,,,2004,Hope,of Craighead,020 7219 8308,,,,,,
Number doesnt work,020 7219 8310,Baroness Bakewell of Hardington Mandeville,False,bakewellc@parliament.uk,Liberal Democrat,1,,,4285,Baroness,Bakewell of Hardington Mandeville,020 7219 8310,,,,,,
voicemail,020 7219 8501,Lord Newby,False,newbyr@parliament.uk,Liberal Democrat,1,,,1916,Lord,Newby,020 7219 8501,,,,,,
"üî• Against; She is going in, was unaware it was today",020 7219 8506,Baroness Uddin,False,uddinm@parliament.uk,Non-affiliated,1,Against,,1827,Baroness,Uddin,020 7219 8506,,,Baroness Uddin,Non-affiliated,Life peer,Content
voicemail,020 7219 8621,Lord Bradshaw,False,bradshaww@parliament.uk,Liberal Democrat,1,,,2483,Lord,Bradshaw,020 7219 8621,,,,,,
Voicemail,020 7219 8623,Baroness Northover,False,northoverl@parliament.uk,Liberal Democrat,1,,,2539,Baroness,Northover,020 7219 8623,,,,,,
"Former police officer, skipping",020 7219 8632,Lord Mackenzie of Framwellgate,False,contactholmember@parliament.uk,Non-affiliated,1,,,1881,Mackenzie,of Framwellgate,020 7219 8632,,,,,,
Voicemail,020 7219 8723,Lord Birt,False,birtj@parliament.uk,Crossbench,1,,,2533,Lord,Birt,020 7219 8723,,,,,,
Voicemail,020 7219 8724,Baroness O'Loan,False,oloann@parliament.uk,Crossbench,1,,,3902,Baroness,O'Loan,020 7219 8724,,,,,,
Voice message,020 7219 8739,Lord Roberts of Llandudno,False,contactholmember@parliament.uk,Liberal Democrat,1,,,3691,Roberts,of Llandudno,020 7219 8739,,,,,,
Phone number not working,020 7219 8743,Lord Wrigglesworth,False,wrigglesworthi@parliament.uk,Liberal Democrat,1,,,965,Lord,Wrigglesworth,020 7219 8743,,,,,,
number not working,020 7219 8892,Lord Carrington,False,carringtonr@parliament.uk,Crossbench,1,,,4712,Lord,Carrington,020 7219 8892,,,,,,
nonanswer,020 7219 8901,Baroness Benjamin,False,benjaminf@parliament.uk,Liberal Democrat,1,,,4167,Baroness,Benjamin,020 7219 8901,,,,,,
Voicemail left,020 7219 8907,Lord Laming,False,lamingh@parliament.uk,Crossbench,1,,,2079,Lord,Laming,020 7219 8907,,,,,,
number not working,020 7219 8949,Lord Dannatt,False,dannattr@parliament.uk,Crossbench,1,,,4220,Lord,Dannatt,020 7219 8949,,,,,,
Voice message,020 7219 8952,Lord Curry of Kirkharle,False,curryd@parliament.uk,Crossbench,1,,,4250,Curry,of Kirkharle,020 7219 8952,,,,,,
Phone number not working,020 7219 8997,Lord Patel of Bradford,False,patelkk@parliament.uk,Non-affiliated,1,,,3798,Patel,of Bradford,020 7219 8997,,,,,,
Voicemail left,020 7931 7211; 077 4596 1677,Lord Kilclooney,False,kilclooneyj@parliament.uk,Crossbench,1,,,657,Lord,Kilclooney,020 7931 7211; 077 4596 1677,,,,,,
only contactable via email,0207 219 5353,Baroness Foster of Aghadrumsee,False,fosterab@parliament.uk,Non-affiliated,1,,,4969,Baroness,Foster of Aghadrumsee,0207 219 5353,,,Baroness Foster of Aghadrumsee,Non-affiliated,Life peer,Not Content
only contactable by email,0207 219 5353,Lord Peach,False,contactholmember@parliament.uk,Crossbench,1,,,4975,Lord,Peach,0207 219 5353,,,,,,
"tried calling, phone apparently ""not connecting"" will email now.",0207 219 5353,Lord Teverson,False,teversonr@parliament.uk,Liberal Democrat,1,,,3789,Lord,Teverson,0207 219 5353,,,,,,
voicemail left,0207 219 5353,Baroness Tyler of Enfield,False,tylerc@parliament.uk,Liberal Democrat,1,,,4231,Baroness,Tyler of Enfield,0207 219 5353,,,,,,
message left with assistant,0207 219 5353,The Lord Bishop of Sheffield,False,wilcoxp@parliament.uk,Bishops,1,,,4980,The,Bishop of Sheffield,0207 219 5353,,,,,,
no ext,Tel: 020 7219 5353,Lord Richards of Herstmonceux,False,contactholmember@parliament.uk,Crossbench,1,,,4317,Richards,of Herstmonceux,Tel: 020 7219 5353,,,,,,
Voicemail,,Baroness Smith of Llanfaes,False,carmen.smith@parliament.uk,Plaid Cymru,1,,,5023,Baroness,Smith of Llanfaes,020 7219 5353,,,Baroness Smith of Llanfaes,Plaid Cymru,Life peer,Content
only reachable by email,020 7219 5353,Lord Anderson of Ipswich,False,andersondw@parliament.uk,Crossbench,2,,,4705,Anderson,of Ipswich,020 7219 5353,,,Lord Anderson of Ipswich,Crossbench,Life peer,Not Content
only reachable by email,020 7219 5353,Baroness Bennett of Manor Castle,False,bennettn@parliament.uk,Green Party,2,,,4719,Baroness,Bennett of Manor Castle,020 7219 5353,,,Baroness Bennett of Manor Castle,Green Party,Life peer,Teller - Content
voicemail left,020 7219 5353,Lord Addington,False,contactholmember@parliament.uk,Liberal Democrat,2,,,3453,Lord,Addington,020 7219 5353,,,,,,
vocie message left ,020 7219 5353,Lord Adebowale,False,contactholmember@parliament.uk,Crossbench,2,,,2175,Lord,Adebowale,020 7219 5353,,,,,,
only reachable by email,020 7219 5353,Baroness Batters,False,contactholmember@parliament.uk,Crossbench,2,,,5367,Baroness,Batters,020 7219 5353,,,,,,
no answer,020 7219 5353,Lord Benyon,False,benyonr@parliament.uk,Crossbench,2,,,1547,Lord,Benyon,020 7219 5353,,,,,,
only reachable by email,020 7219 5353,Lord Bew,False,bewp@parliament.uk,Crossbench,2,,,3832,Lord,Bew,020 7219 5353,,,,,,
voice message left,020 7219 5353,Lord Bichard,False,contactholmember@parliament.uk,Crossbench,2,,,3863,Lord,Bichard,020 7219 5353,,,,,,
email only. spoke to their assistant were sympathetic ,020 7219 5353,Lord Bilimoria,False,contactholmember@parliament.uk,Crossbench,2,,,3809,Lord,Bilimoria,020 7219 5353,,,,,,
no answer,020 7219 5353,Lord Bird,False,birdja@parliament.uk,Crossbench,2,,,4564,Lord,Bird,020 7219 5353,,,,,,
email only,020 7219 5353,Baroness Black of Strome,False,contactholmember@parliament.uk,Crossbench,2,,,4915,Baroness,Black of Strome,020 7219 5353,,,,,,
goes to voicemail - not left one,020 7219 5353,Baroness Bonham-Carter of Yarnbury,False,contactholmember@parliament.uk,Liberal Democrat,2,,,3699,Baroness,Bonham-Carter of Yarnbury,020 7219 5353,,,,,,
email only,020 7219 5353,Lord Botham,False,contactholmember@parliament.uk,Crossbench,2,,,4884,Lord,Botham,020 7219 5353,,,,,,
voicemail left,020 7219 5353,Baroness Bowles of Berkhamsted,False,contactholmember@parliament.uk,Liberal Democrat,2,,,4562,Baroness,Bowles of Berkhamsted,020 7219 5353,,,,,,
straight to voicemail ,020 7219 5353,Lord Bowness,False,contactholmember@parliament.uk,Crossbench,2,,,3496,Lord,Bowness,020 7219 5353,,,,,,
email only,020 7219 5353,Baroness Boycott,False,contactholmember@parliament.uk,Crossbench,2,,,4704,Baroness,Boycott,020 7219 5353,,,,,,
email only,020 7219 5353,Lord Brennan,False,contactholmember@parliament.uk,Non-affiliated,2,,,2550,Lord,Brennan,020 7219 5353,,,,,,
email only,020 7219 5353,Baroness Brinton,False,contactholmember@parliament.uk,Liberal Democrat,2,,,4241,Baroness,Brinton,020 7219 5353,,,,,,
email only,020 7219 5353,Baroness Bull,False,contactholmember@parliament.uk,Crossbench,2,,,4706,Baroness,Bull,020 7219 5353,,,,,,
email only,020 7219 5353,Lord Burnett,False,contactholmember@parliament.uk,Liberal Democrat,2,,,238,Lord,Burnett,020 7219 5353,,,,,,
email only,020 7219 5353,Lord Burns,False,contactholmember@parliament.uk,Crossbench,2,,,3351,Lord,Burns,020 7219 5353,,,,,,
email only,020 7219 5353,Baroness Campbell of Loughborough,False,contactholmember@parliament.uk,Crossbench,2,,,3871,Baroness,Campbell of Loughborough,020 7219 5353,,,,,,
email only,020 7219 5353,Baroness Casey of Blackstock,False,contactholmember@parliament.uk,Crossbench,2,,,4896,Baroness,Casey of Blackstock,020 7219 5353,,,,,,
email only,020 7219 5353,Baroness Cass,False,rivisn@parliament.uk (staff),Crossbench,2,,,5369,Baroness,Cass,020 7219 5353,,,Baroness Cass,Crossbench,Life peer,Not Content
vociemail left,020 7219 5353,Baroness Cavendish of Little Venice,False,contactholmember@parliament.uk,Crossbench,2,,,4578,Baroness,Cavendish of Little Venice,020 7219 5353,,,,,,
email only,020 7219 5353,Lord Chartres,False,contactholmember@parliament.uk,Crossbench,2,,,1946,Lord,Chartres,020 7219 5353,,,,,,
vociemail left,020 7219 5353,Baroness Chisholm of Owlpen,False,contactholmember@parliament.uk,Non-affiliated,2,,,4330,Baroness,Chisholm of Owlpen,020 7219 5353,,,,,,
only e mail,020 7219 5353,Baroness Clark of Calton,False,contactholmember@parliament.uk,Crossbench,2,,,599,Baroness,Clark of Calton,020 7219 5353,,,,,,
voicemail left,020 7219 5353,Lord Clement-Jones,False,clementjonest@parliament.uk,Liberal Democrat,2,,,3396,Lord,Clement-Jones,020 7219 5353,,,Lord Clement-Jones,Liberal Democrat,Life peer,Content
no ext,020 7219 5353,Lord de Clifford,False,decliffordm@parliament.uk,Crossbench,2,,,4997,de,Clifford,020 7219 5353,,,,,,
"Spoken to him, says he wasn't aware of it but not in his remit as too stretched - seems to deal with school issues not with this.",020 7219 5353,Viscount Colville of Culross,False,colvillec@parliament.uk,Crossbench,2,,,4248,Viscount,Colville of Culross,020 7219 5353,,,,,,
got through switchboard but unavailable,020 7219 5353,Baroness Cox,False,caroline.cox@hart-uk.org,Crossbench,2,,,3364,Baroness,Cox,020 7219 5353,,,,,,
got through switchboard but cut out leaving perosnlised e mail (worked with him in past),020 7219 5353,Lord Crisp,True,crisp@parliament.uk,Crossbench,2,,,3783,Lord,Crisp,020 7219 5353,,,Lord Crisp,Crossbench,Life peer,Not Content
got through switchboard but unavailable,020 7219 5353,Lord Dear,False,deargj@parliament.uk,Crossbench,2,,,3808,Lord,Dear,020 7219 5353,,,,,,
e mail only,020 7219 5353,Baroness Deech,False,deechr@parliament.uk,Crossbench,2,,,3756,Baroness,Deech,020 7219 5353,,,,,,
no number ,020 7219 5353,The Duke of Norfolk,False,contactholmember@parliament.uk,Crossbench,2,,,2194,The,Duke of Norfolk,020 7219 5353,,,,,,
no number ,020 7219 5353,The Duke of Somerset,False,contactholmember@parliament.uk,Crossbench,2,,,3147,The,Duke of Somerset,020 7219 5353,,,,,,
no number,020 7219 5353,The Duke of Wellington,False,contactholmember@parliament.uk,Crossbench,2,,,4541,The,Duke of Wellington,020 7219 5353,,,,,,
left voice mail,020 7219 5353,Lord Dykes,False,dykesh@parliament.uk,Crossbench,2,,,810,Lord,Dykes,020 7219 5353,,,,,,
voicemail ,020 7219 5353,Lord Eames,False,contactholmember@parliament.uk,Crossbench,2,,,2793,Lord,Eames,020 7219 5353,,,,,,
left voicemail,020 7219 5353,The Earl of Clancarty,False,contactholmember@parliament.uk,Crossbench,2,,,3391,The,Earl of Clancarty,020 7219 5353,,,,,,
email only,020 7219 5353,The Earl of Devon,False,contactholmember@parliament.uk,Crossbench,2,,,4707,The,Earl of Devon,020 7219 5353,,,,,,
,020 7219 5353,The Earl of Erroll,False,contactholmember@parliament.uk,Crossbench,2,,,2804,The,Earl of Erroll,020 7219 5353,,,,,,
Spoke to Earl but line disconnected not attening today ,020 7219 5353,The Earl of Glasgow,False,contactholmember@parliament.uk,Liberal Democrat,2,,,2608,The,Earl of Glasgow,020 7219 5353,,,,,,
Left voicemail (Me too),020 7219 5353,The Earl of Kinnoull,False,kinnoull@parliament.uk,Crossbench,2,,,4354,The,Earl of Kinnoull,020 7219 5353,,,,,,
No answer,020 7219 5353,The Earl of Lytton,False,contactholmember@parliament.uk,Crossbench,2,,,1864,The,Earl of Lytton,020 7219 5353,,,,,,
No parlimentry extension number,020 7219 5353,The Earl of Rosslyn,False,contactholmember@parliament.uk,Crossbench,2,,,3135,The,Earl of Rosslyn,020 7219 5353,,,,,,
No parlimentry extension number,020 7219 5353,The Earl of Stair,False,dalrymplej@parliament.uk,Crossbench,2,,,3137,The,Earl of Stair,020 7219 5353,,,,,,
callling,020 7219 5353,Baroness Fairhead,False,contactholmember@parliament.uk,Crossbench,2,,,4690,Baroness,Fairhead,020 7219 5353,,,,,,
voicemail left,020 7219 5353,Lord Faulks,False,contactholmember@parliament.uk,Non-affiliated,2,,,4183,Lord,Faulks,020 7219 5353,,,,,,
voicemail,020 7219 5353,Baroness Featherstone,False,featherstonel@parliament.uk,Liberal Democrat,2,,,1531,Baroness,Featherstone,020 7219 5353,,,,,,
voicemail left,020 7219 5353,Baroness Ford,False,fordm@parliament.uk,Crossbench,2,,,3791,Baroness,Ford,020 7219 5353,,,,,,
Done - this lord speaker doesnt get a vote apparently and has to stay neutral,020 7219 5353,Lord Fowler,False,fowlern@parliament.uk,Crossbench,2,,,315,Lord,Fowler,020 7219 5353,,,,,,
No answer ,020 7219 5353,Baroness Freeman of Steventon,False,freemana@parliament.uk,Crossbench,2,,,5026,Baroness,Freeman of Steventon,020 7219 5353,,,,,,
Voicemail,020 7219 5353,Lord Gadhia,False,contactholmember@parliament.uk,Non-affiliated,2,,,4575,Lord,Gadhia,020 7219 5353,,,,,,
No number available,020 7219 5353,Baroness Gohir,False,contactholmember@parliament.uk,Crossbench,2,,,4944,Baroness,Gohir,020 7219 5353,,,,,,
no number available,020 7219 5353,Lord Grabiner,False,grabinera@parliament.uk / agrabiner@oeclaw.co.uk,Crossbench,2,,,2496,Lord,Grabiner,020 7219 5353,,,,,,
no number available,020 7219 5353,Baroness Greenfield,False,greenfieldsu@parliament.uk,Crossbench,2,,,2166,Baroness,Greenfield,020 7219 5353,,,,,,
didnt answer,020 7219 5353,Lord Greenway,False,contactholmember@parliament.uk,Crossbench,2,,,3569,Lord,Greenway,020 7219 5353,,,,,,
didnt answer,020 7219 5353,Baroness Grender,False,contactholmember@parliament.uk,Liberal Democrat,2,,,4291,Baroness,Grender,020 7219 5353,,,,,,
,020 7219 5353,Baroness Hale of Richmond,False,haleb@parliament.uk,Crossbench,2,,,3652,Baroness,Hale of Richmond,020 7219 5353,,,,,,
Says email only ,020 7219 5353,Baroness Hallett,False,contactholmember@parliament.uk,Crossbench,2,,,4721,Baroness,Hallett,020 7219 5353,,,,,,
,020 7219 5353,Lord Hameed,False,contactholmember@parliament.uk,Crossbench,2,,,3767,Lord,Hameed,020 7219 5353,,,,,,
,020 7219 5353,Lord Hampton,False,pakingtonj@parliament.uk,Crossbench,2,,,4951,Lord,Hampton,020 7219 5353,,,Lord Hampton,Crossbench,Excepted Hereditary,Not Content
,020 7219 5353,Baroness Hamwee,False,hamwees@parliament.uk,Liberal Democrat,2,,,2652,Baroness,Hamwee,020 7219 5353,,,,,,
only contactable via email,020 7219 5353,Lord Hardie,False,contactholmember@parliament.uk,Crossbench,2,,,2647,Lord,Hardie,020 7219 5353,,,,,,
,020 7219 5353,Baroness Harris of Richmond,False,harrisa@parliament.uk,Liberal Democrat,2,,,2505,Baroness,Harris of Richmond,020 7219 5353,,,,,,
,020 7219 5353,Baroness Hoey,False,contactholmember@parliament.uk,Non-affiliated,2,,,210,Baroness,Hoey,020 7219 5353,,,,,,
,020 7219 5353,Lord Hogan-Howe,False,contactholmember@parliament.uk,Crossbench,2,,,4693,Lord,Hogan-Howe,020 7219 5353,,,,,,
,020 7219 5353,Baroness Hogg,False,contactholmember@parliament.uk,Crossbench,2,,,2632,Baroness,Hogg,020 7219 5353,,,,,,
,020 7219 5353,Baroness Humphreys,False,contactholmember@parliament.uk,Liberal Democrat,2,,,4300,Baroness,Humphreys,020 7219 5353,,,,,,
,020 7219 5353,Baroness Hunt of Bethnal Green,False,huntr@parliament.uk,Crossbench,2,,,4725,Baroness,Hunt of Bethnal Green,020 7219 5353,,,Baroness Hunt of Bethnal Green,Crossbench,Life peer,Not Content
Voicemail left ,020 7219 5353,Lord Hussain,False,contactholmember@parliament.uk,Liberal Democrat,2,,,4221,Lord,Hussain,020 7219 5353,,,,,,
Voicemail left ,020 7219 5353,Baroness Hussein-Ece,False,ecem@parliament.uk,Liberal Democrat,2,,,4164,Baroness,Hussein-Ece,020 7219 5353,,,,,,
,020 7219 5353,Lord Janvrin,False,contactholmember@parliament.uk,Crossbench,2,,,3838,Lord,Janvrin,020 7219 5353,,,,,,
,020 7219 5353,Lord St John of Bletso,False,contactholmember@parliament.uk,Crossbench,2,,,2155,St,John of Bletso,020 7219 5353,,,,,,
,020 7219 5353,Baroness Kidron,False,kidronb@parliament.uk,Crossbench,2,,,4258,Baroness,Kidron,020 7219 5353,,,,,,
,020 7219 5353,Lord Krebs,False,contactholmember@parliament.uk,Crossbench,2,,,3736,Lord,Krebs,020 7219 5353,,,,,,
,020 7219 5353,Baroness Lampard,False,contactholmember@parliament.uk,Non-affiliated,2,,,4973,Baroness,Lampard,0207 219 5353,,,,,,
,020 7219 5353,Baroness Lane-Fox of Soho,False,contactholmember@parliament.uk,Crossbench,2,,,4275,Baroness,Lane-Fox of Soho,020 7219 5353,,,,,,
,020 7219 5353,Lord Lebedev,False,contactholmember@parliament.uk,Crossbench,2,,,4900,Lord,Lebedev,020 7219 5353,,,,,,
,020 7219 5353,Lord Lisvane,False,contactholmember@parliament.uk,Crossbench,2,,,4351,Lord,Lisvane,020 7219 5353,,,,,,
,020 7219 5353,Lord Londesborough,False,contactholmember@parliament.uk,Crossbench,2,,,2047,Lord,Londesborough,020 7219 5353,,,,,,
,020 7219 5353,Lord Loomba,False,loombar@parliament.uk,Crossbench,2,,,4209,Lord,Loomba,020 7219 5353,,,Lord Loomba,Crossbench,Life peer,Not Content
phone line doesnt connect - to email,020 7219 5353,Baroness Ludford,False,ludfords@parliament.uk,Liberal Democrat,2,,,1867,Baroness,Ludford,020 7219 5353,,,,,,
,020 7219 5353,Lord Lupton,False,luptonj@parliament.uk,Non-affiliated,2,,,4550,Lord,Lupton,020 7219 5353,,,,,,
,020 7219 5353,Lord Mair,False,contactholmember@parliament.uk,Crossbench,2,,,4563,Lord,Mair,020 7219 5353,,,,,,
,020 7219 5353,Lord Mance,False,contactholmember@parliament.uk,Crossbench,2,,,3754,Lord,Mance,020 7219 5353,,,,,,
left voicemail,020 7219 5353,Baroness Manningham-Buller,False,contactholmember@parliament.uk,Crossbench,2,,,3857,Baroness,Manningham-Buller,020 7219 5353,,,,,,
,020 7219 5353,Lord Mawson,False,,Crossbench,2,,,3830,Lord,Mawson,020 7219 5353,,,,,,
no ext,020 7219 5353,Baroness McGregor-Smith,False,contactholmember@parliament.uk,Non-affiliated,2,,,4554,Baroness,McGregor-Smith,020 7219 5353,,,,,,
,020 7219 5353,Lord Meston,False,contactholmember@parliament.uk,Crossbench,2,,,1940,Lord,Meston,020 7219 5353,,,Lord Meston,Crossbench,Excepted Hereditary,Not Content
Call self ended during voicemail script ,020 7219 5353,Baroness Miller of Chilthorne Domer,False,millers@parliament.uk,Liberal Democrat,2,,,1934,Baroness,Miller of Chilthorne Domer,020 7219 5353,,,Baroness Miller of Chilthorne Domer,Liberal Democrat,Life peer,Content
,020 7219 5353,Baroness Morgan of Cotes,False,morganna@parliament.uk,Non-affiliated,2,,,4027,Baroness,Morgan of Cotes,020 7219 5353,,,,,,
,020 7219 5353,Lord Mountevans,False,contactholmember@parliament.uk,Crossbench,2,,,4539,Lord,Mountevans,020 7219 5353,,,,,,
,020 7219 5353,Baroness Moyo,False,contactholmember@parliament.uk,Non-affiliated,2,,,4968,Baroness,Moyo,020 7219 5353,,,,,,
,020 7219 5353,Lord O'Donnell,False,contactholmember@parliament.uk,Crossbench,2,,,4255,Lord,O'Donnell,020 7219 5353,,,,,,
,020 7219 5353,Baroness O'Neill of Bengarve,False,contactholmember@parliament.uk,Crossbench,2,,,2441,Baroness,O'Neill of Bengarve,020 7219 5353,,,,,,
,020 7219 5353,Lord Oates,False,contactholmember@parliament.uk,Liberal Democrat,2,,,4549,Lord,Oates,020 7219 5353,,,,,,
,020 7219 5353,Lord Pack,False,contactholmember@parliament.uk,Liberal Democrat,2,,,5389,Lord,Pack,020 7219 5353,,,,,,
,020 7219 5353,Lord Paddick,False,paddickb@parliament.uk,Non-affiliated,2,,,4288,Lord,Paddick,020 7219 5353,,,Lord Paddick,Non-affiliated,Life peer,Content
,020 7219 5353,Lord Pannick,False,contactholmember@parliament.uk,Crossbench,2,,,3870,Lord,Pannick,020 7219 5353,,,Lord Pannick,Crossbench,Life peer,Not Content
,020 7219 5353,Lord Patel,False,contactholmember@parliament.uk,Crossbench,2,,,2443,Lord,Patel,020 7219 5353,,,Lord Patel,Crossbench,Life peer,Not Content
,020 7219 5353,Lord Paul,False,contactholmember@parliament.uk,Non-affiliated,2,,,3163,Lord,Paul,020 7219 5353,,,,,,
,020 7219 5353,Earl Peel,False,contactholmember@parliament.uk,Crossbench,2,,,3161,Earl,Peel,020 7219 5353,,,,,,
email only,020 7219 5353,Baroness Pidgeon,False,pidgeonc@parliament.uk,Liberal Democrat,2,,,5366,Baroness,Pidgeon,020 7219 5353,,,,,,
did not answer try again later (12:38),020 7219 5353,Baroness Pinnock,False,contactholmember@parliament.uk,Liberal Democrat,2,,,4341,Baroness,Pinnock,020 7219 5353,,,,,,
,020 7219 5353,Lord Ravensdale,False,contactholmember@parliament.uk,Crossbench,2,,,4715,Lord,Ravensdale,020 7219 5353,,,,,,
,020 7219 5353,Lord Redesdale,False,contactholmember@parliament.uk,Non-affiliated,2,,,3271,Lord,Redesdale,020 7219 5353,,,,,,
,020 7219 5353,Lord Ricketts,False,contactholmember@parliament.uk,Crossbench,2,,,4587,Lord,Ricketts,020 7219 5353,,,,,,
,020 7219 5353,Lord Rosenfield,False,contactholmember@parliament.uk,Non-affiliated,2,,,4992,Lord,Rosenfield,020 7219 5353,,,,,,
,020 7219 5353,Earl Russell,False,contactholmember@parliament.uk,Liberal Democrat,2,,,4983,Earl,Russell,020 7219 5353,,,,,,
,020 7219 5353,Baroness Scott of Needham Market,False,scottrc@parliament.uk,Liberal Democrat,2,,,2542,Baroness,Scott of Needham Market,020 7219 5353,,,,,,
,020 7219 5353,Lord Scriven,False,contactholmember@parliament.uk,Liberal Democrat,2,,,4333,Lord,Scriven,020 7219 5353,,,Lord Scriven,Liberal Democrat,Life peer,Content
,020 7219 5353,Lord Sentamu,False,contactholmember@parliament.uk,Crossbench,2,,,3762,Lord,Sentamu,020 7219 5353,,,,,,
,020 7219 5353,Lord Sharkey,False,sharkeyjk@parliament.uk,Liberal Democrat,2,,,4196,Lord,Sharkey,020 7219 5353,,,,,,
,020 7219 5353,Baroness Sheehan,False,contactholmember@parliament.uk,Liberal Democrat,2,,,4548,Baroness,Sheehan,020 7219 5353,,,,,,
,020 7219 5353,Lord Shipley,False,shipleyj@parliament.uk,Liberal Democrat,2,,,4176,Lord,Shipley,020 7219 5353,,,,,,
,020 7219 5353,Lord Skidelsky,False,contactholmember@parliament.uk,Crossbench,2,,,3120,Lord,Skidelsky,020 7219 5353,,,,,,
email only,020 7219 5353,Baroness Stern,False,contactholmember@parliament.uk,Crossbench,2,,,2475,Baroness,Stern,020 7219 5353,,,,,,
no answer,020 7219 5353,Lord Stirrup,False,contactholmember@parliament.uk,Crossbench,2,,,4233,Lord,Stirrup,020 7219 5353,,,,,,
no answer,020 7219 5353,Lord Storey,False,storeym@parliament.uk,Liberal Democrat,2,,,4238,Lord,Storey,020 7219 5353,,,,,,
,020 7219 5353,Lord Strasburger,False,strasburgerp@parliament.uk,Liberal Democrat,2,,,4204,Lord,Strasburger,020 7219 5353,,,,,,
,020 7219 5353,Lord Strathcarron,False,contactholmember@parliament.uk,Non-affiliated,2,,,4937,Lord,Strathcarron,020 7219 5353,,,,,,
,020 7219 5353,Baroness Stuart of Edgbaston,False,stuartg@parliament.uk,Crossbench,2,,,296,Baroness,Stuart of Edgbaston,020 7219 5353,,,,,,
,020 7219 5353,Lord Sugar,False,contactholmember@parliament.uk,Crossbench,2,,,3897,Lord,Sugar,020 7219 5353,,,,,,
,020 7219 5353,Baroness Suttie,False,contactholmember@parliament.uk,Liberal Democrat,2,,,4298,Baroness,Suttie,020 7219 5353,,,,,,
,020 7219 5353,Lord Tarassenko,False,tarassenkol@parliament.uk,Crossbench,2,,,5027,Lord,Tarassenko,020 7219 5353,,,,,,
,020 7219 5353,Baroness Thomas of Winchester,False,contactholmember@parliament.uk,Liberal Democrat,2,,,3785,Baroness,Thomas of Winchester,020 7219 5353,,,,,,
,020 7219 5353,Baroness Thornhill,False,contactholmember@parliament.uk,Liberal Democrat,2,,,4558,Baroness,Thornhill,020 7219 5353,,,,,,
,020 7219 5353,Lord Thurlow,False,thurlowr@parliament.uk,Crossbench,2,,,4353,Lord,Thurlow,020 7219 5353,,,,,,
,020 7219 5353,Viscount Thurso,False,contactholmember@parliament.uk,Liberal Democrat,2,,,1399,Viscount,Thurso,020 7219 5353,,,,,,
,020 7219 5353,Lord Trees,False,contactholmember@parliament.uk,Crossbench,2,,,4260,Lord,Trees,020 7219 5353,,,,,,
,020 7219 5353,Lord Truscott,False,contactholmember@parliament.uk,Non-affiliated,2,,,3682,Lord,Truscott,020 7219 5353,,,,,,
,020 7219 5353,Lord Turnbull,False,andrew@the-turnbulls.com,Crossbench,2,,,3758,Lord,Turnbull,020 7219 5353,,,,,,
,020 7219 5353,Lord Tyrie,False,tyriea@parliament.uk,Non-affiliated,2,,,112,Lord,Tyrie,020 7219 5353,,,,,,
no direct phone line contact via email ,020 7219 5353,Baroness Valentine,False,contactholmember@parliament.uk,Crossbench,2,,,3757,Baroness,Valentine,020 7219 5353,,,,,,
,020 7219 5353,Lord Verdirame,False,verdirameg@parliament.uk,Non-affiliated,2,,,4962,Lord,Verdirame,020 7219 5353,,,,,,
,020 7219 5353,Lord Verjee,False,contactholmember@parliament.uk,Liberal Democrat,2,,,4299,Lord,Verjee,020 7219 5353,,,,,,
Left voicemail,020 7219 5353,Baroness Warsi,False,warsis@parliament.uk,Non-affiliated,2,,,3839,Baroness,Warsi,020 7219 5353,,,,,,
voicemail,020 7219 5353,Baroness Wheatcroft,False,contactholmember@parliament.uk,Crossbench,2,,,4199,Baroness,Wheatcroft,020 7219 5353,,,,,,
no deets,020 7219 5353,Baroness Willis of Summertown,False,contactholmember@parliament.uk,Crossbench,2,,,4945,Baroness,Willis of Summertown,020 7219 5353,,,,,,
,020 7219 5353,Baroness Wolf of Dulwich,False,wolfa@parliament.uk,Crossbench,2,,,4347,Baroness,Wolf of Dulwich,020 7219 5353,,,,,,
,020 7219 5353,Lord Trevethin and Oaksey,False,contactholmember@parliament.uk,Crossbench,2,,,4560,Trevethin,and Oaksey,020 7219 5353,,,,,,
,020 7219 5353,Lord Neuberger of Abbotsbury,False,contactholmember@parliament.uk,Crossbench,2,,,3827,Neuberger,of Abbotsbury,020 7219 5353,,,,,,
voicemail,020 7219 5353,Lord Walker of Aldringham,False,contactholmember@parliament.uk,Crossbench,2,,,3825,Walker,of Aldringham,020 7219 5353,,,,,,
,020 7219 5353,Lord Boswell of Aynho,False,contactholmember@parliament.uk,Non-affiliated,2,,,352,Boswell,of Aynho,020 7219 5353,,,,,,
,020 7219 5353,Lord Powell of Bayswater,False,contactholmember@parliament.uk,Crossbench,2,,,2527,Powell,of Bayswater,020 7219 5353,,,,,,
,020 7219 5353,Lord Hall of Birkenhead,False,halla@parliament.uk,Crossbench,2,,,3765,Hall,of Birkenhead,020 7219 5353,,,,,,
,020 7219 5353,Lord Stevens of Birmingham,False,contactholmember@parliament.uk,Crossbench,2,,,4924,Stevens,of Birmingham,020 7219 5353,,,,,,
,020 7219 5353,Lord Blair of Boughton,False,contactholmember@parliament.uk,Crossbench,2,,,4182,Blair,of Boughton,020 7219 5353,,,,,,
,020 7219 5353,Lord Prior of Brampton,False,contactholmember@parliament.uk,Non-affiliated,2,,,127,Prior,of Brampton,020 7219 5353,,,,,,
,020 7219 5353,Lord Stern of Brentford,False,contactholmember@parliament.uk,Crossbench,2,,,3846,Stern,of Brentford,020 7219 5353,,,,,,
,020 7219 5353,Lord Hannay of Chiswick,False,contactholmember@parliament.uk,Crossbench,2,,,2167,Hannay,of Chiswick,020 7219 5353,,,,,,
no ext,020 7219 5353,Lord Carey of Clifton,False,carey.andr@gmail.com,Crossbench,2,,,2205,Carey,of Clifton,020 7219 5353,,,,,,
,020 7219 5353,Lord Thomas of Cwmgiedd,False,thomasjl@parliament.uk,Crossbench,2,,,4309,Thomas,of Cwmgiedd,020 7219 5353,,,,,,
,020 7219 5353,Lord Green of Deddington,False,contactholmember@parliament.uk,Crossbench,2,,,4346,Green,of Deddington,020 7219 5353,,,,,,
,020 7219 5353,Lord Darzi of Denham,False,contactholmember@parliament.uk,Non-affiliated,2,,,3779,Darzi,of Denham,020 7219 5353,,,,,,
,020 7219 5353,Lord Wilson of Dinton,False,contactholmember@parliament.uk,Crossbench,2,,,2206,Wilson,of Dinton,020 7219 5353,,,,,,
Left voicemail ,020 7219 5353,Lord Stoneham of Droxford,False,contactholmember@parliament.uk,Liberal Democrat,2,,,4215,Stoneham,of Droxford,020 7219 5353,,,,,,
,020 7219 5353,Lord Austin of Dudley,False,contactholmember@parliament.uk,Non-affiliated,2,,,1511,Austin,of Dudley,020 7219 5353,,,Lord Austin of Dudley,Non-affiliated,Life peer,Not Content
,020 7219 5353,Lord Macpherson of Earl's Court,False,contactholmember@parliament.uk,Crossbench,2,,,4586,Macpherson,of Earl's Court,020 7219 5353,,,,,,
,020 7219 5353,Lord Turner of Ecchinswell,False,contactholmember@parliament.uk,Crossbench,2,,,3752,Turner,of Ecchinswell,020 7219 5353,,,,,,
,020 7219 5353,Lord Moore of Etchingham,False,contactholmember@parliament.uk,Non-affiliated,2,,,4891,Moore,of Etchingham,020 7219 5353,,,Lord Moore of Etchingham,Non-affiliated,Life peer,Not Content
,020 7219 5353,Lord O'Neill of Gatley,False,contactholmember@parliament.uk,Crossbench,2,,,4536,O'Neill,of Gatley,020 7219 5353,,,,,,
,020 7219 5353,Lord Taylor of Goss Moor,False,contactholmember@parliament.uk,Liberal Democrat,2,,,228,Taylor,of Goss Moor,020 7219 5353,,,,,,
,020 7219 5353,Lord Thomas of Gresford,False,contactholmember@parliament.uk,Liberal Democrat,2,,,1804,Thomas,of Gresford,020 7219 5353,,,,,,
number not working - email contact only,020 7219 5353,Lord Allan of Hallam,False,contactholmember@parliament.uk,Non-affiliated,2,,,397,Allan,of Hallam,020 7219 5353,,,,,,
,020 7219 5353,Lord Vaux of Harrowden,False,contactholmember@parliament.uk,Crossbench,2,,,4687,Vaux,of Harrowden,020 7219 5353,,,,,,
,020 7219 5353,Lord Carter of Haslemere,False,contactholmember@parliament.uk,Crossbench,2,,,4732,Carter,of Haslemere,020 7219 5353,,,,,,
,020 7219 5353,Lord Marks of Henley-on-Thames,False,contactholmember@parliament.uk,Liberal Democrat,2,,,4206,Marks,of Henley-on-Thames,020 7219 5353,,,,,,
,020 7219 5353,Lord Green of Hurstpierpoint,False,contactholmember@parliament.uk,Crossbench,2,,,4191,Green,of Hurstpierpoint,020 7219 5353,,,,,,
Email only ,020 7219 5353,Lord Smith of Kelvin,False,contactholmember@parliament.uk,Crossbench,2,,,3856,Smith,of Kelvin,020 7219 5353,,,,,,
,020 7219 5353,Lord Gardiner of Kimble,False,hlseniordeputyspeaker@parliament.uk,Non-affiliated,2,,,4161,Gardiner,of Kimble,020 7219 5353,,,,,,
Voicemail,020 7219 5353,Lord Kerr of Kinlochard,False,kerrj@parliament.uk,Crossbench,2,,,3708,Kerr,of Kinlochard,020 7219 5353,,,,,,
Voicemail,020 7219 5353,Lord Stevens of Kirkwhelpington,False,contactholmember@parliament.uk,Crossbench,2,,,3733,Stevens,of Kirkwhelpington,020 7219 5353,,,,,,
Email only,020 7219 5353,Lord Berkeley of Knighton,False,contactholmember@parliament.uk,Crossbench,2,,,4276,Berkeley,of Knighton,020 7219 5353,,,Lord Berkeley of Knighton,Crossbench,Life peer,Not Content
Email only NEU,020 7219 5353,Lord Russell of Liverpool,False,contactholmember@parliament.uk,Crossbench,2,,,2134,Russell,of Liverpool,020 7219 5353,,,,,,
Email only -NEY,020 7219 5353,Lord King of Lothbury,False,contactholmember@parliament.uk,Crossbench,2,,,4280,King,of Lothbury,020 7219 5353,,,,,,
Voice message,020 7219 5353,Lord Rees of Ludlow,False,contactholmember@parliament.uk,Crossbench,2,,,3751,Rees,of Ludlow,020 7219 5353,,,,,,
Voice message,020 7219 5353,Lord Browne of Madingley,False,,Crossbench,2,,,2172,Browne,of Madingley,020 7219 5353,,,,,,
Email only - not emailed yet (NEY),020 7219 5353,Lord Currie of Marylebone,False,contactholmember@parliament.uk,Crossbench,2,,,2727,Currie,of Marylebone,020 7219 5353,,,,,,
Email only - NEY,020 7219 5353,Lord Parker of Minsmere,False,contactholmember@parliament.uk,Crossbench,2,,,4910,Parker,of Minsmere,020 7219 5353,,,,,,
Email only - NEY,020 7219 5353,Lord Hennessy of Nympsfield,False,contactholmember@parliament.uk,Crossbench,2,,,4189,Hennessy,of Nympsfield,020 7219 5353,,,,,,
Voice message,020 7219 5353,Lord Livingston of Parkhead,False,contactholmember@parliament.uk,Non-affiliated,2,,,4278,Livingston,of Parkhead,020 7219 5353,,,,,,
Email only - NEY,020 7219 5353,Lord Harries of Pentregarth,False,harriesr@parliament.uk,Crossbench,2,,,3813,Harries,of Pentregarth,020 7219 5353,,,,,,
Only contactable by email ,020 7219 5353,Lord Campbell of Pittenweem,False,campbellm@parliament.uk,Liberal Democrat,2,,,627,Campbell,of Pittenweem,020 7219 5353,,,,,,
Voicemail,020 7219 5353,Lord Pearson of Rannoch,False,lordpearsonofrannoch@gmail.com,Non-affiliated,2,,,3153,Pearson,of Rannoch,020 7219 5353,,,,,,
Contactholmember@parliament.uk,020 7219 5353,Lord Macdonald of River Glaven,False,contactholmember@parliament.uk,Crossbench,2,,,4172,Macdonald,of River Glaven,020 7219 5353,,,,,,
Email only,020 7219 5353,Lord McDonald of Salford,False,contactholmember@parliament.uk,Crossbench,2,,,4908,McDonald,of Salford,020 7219 5353,,,,,,
Voicemail ,020 7219 5353,Lord Hastings of Scarisbrick,False,contactholmember@parliament.uk,Crossbench,2,,,3759,Hastings,of Scarisbrick,020 7219 5353,,,,,,
Email o ly,020 7219 5353,Lord Oakeshott of Seagrove Bay,False,oakeshottm@parliament.uk,Non-affiliated,2,,,2536,Oakeshott,of Seagrove Bay,020 7219 5353,,,,,,
Only contactable by email,020 7219 5353,Lord Mohammed of Tinsley,False,contactholmember@parliament.uk,Liberal Democrat,2,,,5401,Mohammed,of Tinsley,020 7219 5353,,,,,,
Sent email - is in parliament,020 7219 5353,Lord Lee of Trafford,False,contactholmember@parliament.uk,Liberal Democrat,2,,,1132,Lee,of Trafford,020 7219 5353,,,,,,
Only contactable by email,020 7219 5353,Lord Purvis of Tweed,False,contactholmember@parliament.uk,Liberal Democrat,2,,,4293,Purvis,of Tweed,020 7219 5353,,,,,,
Only contactable by email,020 7219 5353,Lord Taylor of Warwick,False,taylorjdb@parliament.uk,Non-affiliated,2,,,1796,Taylor,of Warwick,020 7219 5353,,,,,,
Only contactable by email,020 7219 5353,Lord Harrington of Watford,False,harringtonr@parliament.uk,Non-affiliated,2,,,4068,Harrington,of Watford,020 7219 5353,,,,,,
Only contactable by email,020 7219 5353,Lord Evans of Weardale,False,contactholmember@parliament.uk,Crossbench,2,,,4348,Evans,of Weardale,020 7219 5353,,,,,,
Email only,020 7219 5353,Lord Singh of Wimbledon,False,singhia@parliament.uk,Crossbench,2,,,4251,Singh,of Wimbledon,020 7219 5353,,,,,,
Email only,020 7219 5353,Lord Cooper of Windrush,False,cooperac@parliament.uk,Non-affiliated,2,,,4327,Cooper,of Windrush,020 7219 5353,,,,,,
Email,020 7219 5353,Lord Woolley of Woodford,False,contactholmember@parliament.uk,Crossbench,2,,,4722,Woolley,of Woodford,020 7219 5353,,,,,,
Email,020 7219 5353,Lord Phillips of Worth Matravers,False,contactholmember@parliament.uk,Crossbench,2,,,2439,Phillips,of Worth Matravers,020 7219 5353,,,,,,
No answer,020 7219 5353,Lord Grade of Yarmouth,False,ros@michaelgrade.com,Non-affiliated,2,,,4228,Grade,of Yarmouth,020 7219 5353,,,,,,
e-mail contact only ,020 7219 5353,Lord Stevens of Ludgate,False,stevensdavid@parliament.uk,Conservative Independent,2,,,2227,Stevens,of Ludgate,020 7219 5353,,,,,,
,020 7219 5353,The Lord Archbishop of York,False,office@archbishopofyork.org,Bishops,2,,,4315,The,Archbishop of York,020 7219 5353,,,,,,
No answer ,020 7219 5353,The Lord Bishop of Bristol,False,contactholmember@parliament.uk,Bishops,2,,,4709,The,Bishop of Bristol,020 7219 5353,,,,,,
No answer ,020 7219 5353,The Lord Bishop of Chichester,False,contactholmember@parliament.uk,Bishops,2,,,4695,The,Bishop of Chichester,020 7219 5353,,,,,,
No answer ,020 7219 5353,The Lord Bishop of Coventry,False,contactholmember@parliament.uk,Bishops,2,,,5402,The,Bishop of Coventry,020 7219 5353,,,,,,
,020 7219 5353,The Lord Bishop of Derby,False,contactholmember@parliament.uk,Bishops,2,,,4714,The,Bishop of Derby,020 7219 5353,,,,,,
,020 7219 5353,The Lord Bishop of Gloucester,False,contactholmember@parliament.uk,Bishops,2,,,4540,The,Bishop of Gloucester,020 7219 5353,,,,,,
,020 7219 5353,The Lord Bishop of Guildford,False,contactholmember@parliament.uk,Bishops,2,,,4933,The,Bishop of Guildford,020 7219 5353,,,,,,
,020 7219 5353,The Lord Bishop of Hereford,False,contactholmember@parliament.uk,Bishops,2,,,5003,The,Bishop of Hereford,020 7219 5353,,,,,,
,020 7219 5353,The Lord Bishop of Leeds,False,bainesn@parliament.uk,Bishops,2,,,4349,The,Bishop of Leeds,020 7219 5353,,,,,,
,020 7219 5353,The Lord Bishop of Leicester,False,contactholmember@parliament.uk,Bishops,2,,,4947,The,Bishop of Leicester,020 7219 5353,,,,,,
,020 7219 5353,The Lord Bishop of Lichfield,False,contactholmember@parliament.uk,Bishops,2,,,4954,The,Bishop of Lichfield,020 7219 5353,,,,,,
,020 7219 5353,The Lord Bishop of Lincoln,False,bishop.lincoln@lincoln.anglican.org,Bishops,2,,,4319,The,Bishop of Lincoln,020 7219 5353,,,,,,
,020 7219 5353,The Lord Bishop of London,False,contactholmember@parliament.uk,Bishops,2,,,4696,The,Bishop of London,020 7219 5353,,,,,,
,020 7219 5353,The Lord Bishop of Manchester,False,walkerdb@parliament.uk,Bishops,2,,,4878,The,Bishop of Manchester,020 7219 5353,,,,,,
,020 7219 5353,The Lord Bishop of Newcastle,False,hartleyh@parliament.uk,Bishops,2,,,4996,The,Bishop of Newcastle,020 7219 5353,,,,,,
not in chamber today,020 7219 5353,The Lord Bishop of Oxford,False,contactholmember@parliament.uk,Bishops,2,,,4279,The,Bishop of Oxford,020 7219 5353,,,,,,
no number available,020 7219 5353,The Lord Bishop of Peterborough,False,contactholmember@parliament.uk,Bishops,2,,,5371,The,Bishop of Peterborough,020 7219 5353,,,,,,
switchboard,020 7219 5353,The Lord Bishop of Southwark,False,contactholmember@parliament.uk,Bishops,2,,,4345,The,Bishop of Southwark,020 7219 5353,,,,,,
switch board - apparently doesn't have a phone number,020 7219 5353,The Lord Bishop of Southwell and Nottingham,False,contactholmember@parliament.uk,Bishops,2,,,4940,The,Bishop of Southwell and Nottingham,020 7219 5353,,,,,,
switch board - only contacted via email,020 7219 5353,The Lord Bishop of Winchester,False,contactholmember@parliament.uk,Bishops,2,,,5004,The,Bishop of Winchester,020 7219 5353,,,,,,
,2072195353,Baroness Billingham,False,a.billingham77@btinternet.com,Labour,3,,,2538,Baroness,Billingham,2072195353,,,,,,
,,Lord Liddle,False,liddler@parliament.uk,Labour,3,,,4156,Lord,Liddle,020 7219 2132,,,Lord Liddle,Labour,Life peer,Not Content
Only contactable by email- emailed,,Baroness Levitt,False,levitta@parliament.uk,Labour,3,,,5381,Baroness,Levitt,020 7219 3000,,,Baroness Levitt,Labour,Life peer,Not Content
,,Lord Lennie,False,contactholmember@parliament.uk,Labour,3,,,4338,Lord,Lennie,020 7219 5353,,,,,,
,,Lord Lemos,False,contactholmember@parliament.uk,Labour,3,,,5382,Lord,Lemos,020 7219 5353,,,Lord Lemos,Labour,Life peer,Not Content
,,Lord Layard,False,contactholmember@parliament.uk,Labour,3,,,2540,Lord,Layard,020 7219 5353,,,,,,
,,Baroness Lawrence of Clarendon,False,contactholmember@parliament.uk,Labour,3,,,4290,Baroness,Lawrence of Clarendon,020 7219 5353,,,,,,
,,Lord Kestenbaum,False,kestenbaumj@parliament.uk,Labour,3,,,4225,Lord,Kestenbaum,020 7219 5353,,,,,,
Voicemail,020 7219 0358,Baroness Pitkeathley,False,pitkeathleyj@parliament.uk,Labour,3,,,3179,Baroness,Pitkeathley,020 7219 0358,,,,,,
Voicemail,020 7219 1435,Baroness Royall of Blaisdon,False,royallj@parliament.uk,Labour,3,,,3703,Baroness,Royall of Blaisdon,020 7219 1435,,,,,,
No answer - immediate cutoff,020 7219 2558,Lord Clark of Windermere,False,clarkd@parliament.uk,Labour,3,,,525,Clark,of Windermere,020 7219 2558,,,,,,
number corrected - switchboard.  they transferred me but no answer,020 7219 3000,Lord Anderson of Swansea,False,contactholmember@parliament.uk,Labour,3,,,568,Anderson,of Swansea,020 7219 300,,,Lord Anderson of Swansea,Labour,Life peer,Not Content
voicemail,020 7219 3000,Lord Adonis,False,adonisa@parliament.uk,Labour,3,,,3743,Lord,Adonis,020 7219 3000,,,,,,
email only,020 7219 3000,Baroness Amos,False,contactholmember@parliament.uk,Labour,3,,,3477,Baroness,Amos,020 7219 3000,,,,,,
voicemail ,020 7219 3000,Baroness Prosser,False,prosserm@parliament.uk,Labour,3,,,3684,Baroness,Prosser,020 7219 3000,,,,,,
no deets,020 7219 3000,Lord Wills,False,contactholmember@parliament.uk,Labour,3,,,260,Lord,Wills,020 7219 3000,,,,,,
voicemail ,020 7219 3000,Lord Cunningham of Felling,False,contactholmember@parliament.uk,Labour,3,,,496,Cunningham,of Felling,020 7219 3000,,,,,,
Voicemail,020 7219 3118,Lord Whitty,False,whittyl@parliament.uk,Labour,3,,,2444,Lord,Whitty,020 7219 3118,,,,,,
voicemail ,020 7219 3494,Baroness Berger,False,bergerl@parliament.uk,Labour,3,,,4036,Baroness,Berger,020 7219 3494,,,Baroness Berger,Labour,Life peer,Not Content
‚ù§Ô∏è Was really receptive,020 7219 3513,Lord Campbell-Savours,False,campbellsavours@parliament.uk,Labour,3,,,499,Lord,Campbell-Savours,020 7219 3513,,,Lord Campbell-Savours,Labour,Life peer,Not Content
no answer ,020 7219 3629,Lord Davies of Brixton,False,daviesofbrixton@parliament.uk,Labour,3,,,4893,Davies,of Brixton,020 7219 3629,,,,,,
voicemail,020 7219 3842,Lord Rowlands,False,contactholmember@parliament.uk,Labour,3,,,554,Lord,Rowlands,020 7219 3842,,,,,,
voicemail ,020 7219 4207,Lord Bradley,False,bradleykj@parliament.uk,Labour,3,,,452,Lord,Bradley,020 7219 4207,,,,,,
voicemail,020 7219 4209,Baroness Golding,False,goldingll@parliament.uk,Labour,3,,,281,Baroness,Golding,020 7219 4209,,,,,,
Voice message,020 7219 4501,Lord Browne of Ladyton,False,browned@parliament.uk,Labour,3,,,620,Browne,of Ladyton,020 7219 4501,,,Lord Browne of Ladyton,Labour,Life peer,Not Content
voicemail left,020 7219 5097,Lord Grocott,False,grocottb@parliament.uk,Labour,3,,,276,Lord,Grocott,020 7219 5097,,,,,,
no answer ,020 7219 5183,Baroness Taylor of Bolton,False,taylora@parliament.uk,Labour,3,,,407,Baroness,Taylor of Bolton,020 7219 5183,,,,,,
no answer,020 7219 5353,Baroness Sherlock,False,sherlockm@parliament.uk,Labour,3,,Minister of State,4147,Baroness,Sherlock,020 7219 5353,,,,,,
no answer straight to voicemail ,020 7219 5353,Baroness Whitaker,False,contactholmember@parliament.uk,Labour,3,,,2510,Baroness,Whitaker,020 7219 5353,,,,,,
straight to voicemail ,020 7219 5353,Baroness Adams of Craigielea,False,contactholmember@parliament.uk,Labour,3,,,631,Baroness,Adams of Craigielea,020 7219 5353,,,,,,
email only,020 7219 5353,Baroness Alexander of Cleveden,False,alexanderw@parliament.uk,Labour,3,,,5394,Baroness,Alexander of Cleveden,020 7219 5353,,,Baroness Alexander of Cleveden,Labour,Life peer,Not Content
only contactable by email,020 7219 5353,Lord Alli,False,contactholmember@parliament.uk,Labour,3,,,3482,Lord,Alli,020 7219 5353,,,,,,
only contactable by email,020 7219 5353,Baroness Andrews,False,contactholmember@parliament.uk,Labour,3,,,2534,Baroness,Andrews,020 7219 5353,,,Baroness Andrews,Labour,Life peer,Not Content
got put through to a corporate speaking agency asking if I want to book her,020 7219 5353,Baroness Ashton of Upholland,False,contactholmember@parliament.uk,Labour,3,,,2500,Baroness,Ashton of Upholland,020 7219 5353,,,,,,
voicemail ,020 7219 5353,Baroness Bakewell,False,contactholmember@parliament.uk,Labour,3,,,4223,Baroness,Bakewell,020 7219 5353,,,,,,
no details,020 7219 5353,Lord Beamish,False,beamish@parliament.uk,Labour,3,,,1438,Lord,Beamish,020 7219 5353,,,,,,
no answer ,020 7219 5353,Lord Berkeley,False,berkeleyafg@parliament.uk,Labour,3,,,3526,Lord,Berkeley,020 7219 5353,,,,,,
email only,020 7219 5353,Baroness Blower,False,blowerc@parliament.uk,Labour,3,,,4724,Baroness,Blower,020 7219 5353,,,,,,
email only,020 7219 5353,Baroness Bousted,False,contactholmember@parliament.uk,Labour,3,,,5385,Baroness,Bousted,020 7219 5353,,,,,,
Only contactable by email,020 7219 5353,Lord Bragg,False,contactholmember@parliament.uk,Labour,3,,,3514,Lord,Bragg,020 7219 5353,,,,,,
email only,020 7219 5353,Baroness Brown of Silvertown,False,contactholmember@parliament.uk,Labour,3,,,1583,Baroness,Brown of Silvertown,020 7219 5353,,,Baroness Brown of Silvertown,Labour,Life peer,Not Content
Only contactable by email,020 7219 5353,Baroness Bryan of Partick,False,bryanp@parliament.uk,Labour,3,,,4701,Baroness,Bryan of Partick,020 7219 5353,,,,,,
email only,020 7219 5353,Baroness Caine of Kentish Town,False,cainede@parliament.uk,Labour,3,,,5391,Baroness,Caine of Kentish Town,020 7219 5353,,,Baroness Caine of Kentish Town,Labour,Life peer,Not Content
email only,020 7219 5353,Baroness Carberry of Muswell Hill,False,contactholmember@parliament.uk,Labour,3,,,5390,Baroness,Carberry of Muswell Hill,020 7219 5353,,,Baroness Carberry of Muswell Hill,Labour,Life peer,Not Content
email only,020 7219 5353,Viscount Chandos,False,contactholmember@parliament.uk,Labour,3,,,3308,Viscount,Chandos,020 7219 5353,,,Viscount Chandos,Labour,Life peer,Not Content
no answer,020 7219 5353,Lord Christopher,False,contactholmember@parliament.uk,Labour,3,,,3395,Lord,Christopher,020 7219 5353,,,,,,
,020 7219 5353,Lord Cryer,False,contactholmember@parliament.uk,Labour,3,,,181,Lord,Cryer,020 7219 5353,,,,,,
,020 7219 5353,Baroness Curran,False,contactholmember@parliament.uk,Labour,3,,,3982,Baroness,Curran,020 7219 5353,,,,,,
only e mail,020 7219 5353,Baroness Debbonaire,False,contactholmember@parliament.uk,Labour,3,,,4433,Baroness,Debbonaire,020 7219 5353,,,,,,
got through from switchboard but number cut out,020 7219 5353,Baroness Donaghy,False,donaghyr@parliament.uk,Labour,3,,,4166,Baroness,Donaghy,020 7219 5353,,,,,,
,020 7219 5353,Baroness Drake,False,contactholmember@parliament.uk,Labour,3,,,4155,Baroness,Drake,020 7219 5353,,,,,,
,020 7219 5353,Lord Drayson,False,draysonp@parliament.uk,Labour,3,,,3669,Lord,Drayson,020 7219 5353,,,,,,
,020 7219 5353,Lord Dubs,False,contactholmember@parliament.uk,Labour,3,,,805,Lord,Dubs,020 7219 5353,,,,,,
Left voicemail,020 7219 5353,Lord Eatwell,False,contactholmember@parliament.uk,Labour,3,,,2802,Lord,Eatwell,020 7219 5353,,,,,,
,020 7219 5353,Baroness Elliott of Whitburn Bay,False,elliottj@parliament.uk,Labour,3,,,4127,Baroness,Elliott of Whitburn Bay,020 7219 5353,,,Baroness Elliott of Whitburn Bay,Labour,Life peer,Not Content
Voicemail,020 7219 5353,Lord Giddens,False,giddensa@parliament.uk,Labour,3,,,3688,Lord,Giddens,020 7219 5353,,,,,,
Voicemail,020 7219 5353,Lord Glasman,False,contactholmember@parliament.uk,Labour,3,,,4240,Lord,Glasman,020 7219 5353,,,Lord Glasman,Labour,Life peer,Not Content
no number available,020 7219 5353,Baroness Gray of Tottenham,False,contactholmember@parliament.uk,Labour,3,,,5396,Baroness,Gray of Tottenham,020 7219 5353,,,,,,
only contactable via email,020 7219 5353,Baroness Griffin of Princethorpe,False,griffint@parliament.uk,Labour,3,,,5375,Baroness,Griffin of Princethorpe,020 7219 5353,,,Baroness Griffin of Princethorpe,Labour,Life peer,Not Content
,020 7219 5353,Lord Hacking,False,contactholmember@parliament.uk,Labour,3,,,3580,Lord,Hacking,020 7219 5353,,,Lord Hacking,Labour,Excepted Hereditary,Not Content
,020 7219 5353,Viscount Hanworth,False,pollockd@parliament.uk,Labour,3,,,2648,Viscount,Hanworth,020 7219 5353,,,,,,
,020 7219 5353,Baroness Harman,False,harmanh@parliament.uk,Labour,3,,,150,Baroness,Harman,020 7219 5353,,,Baroness Harman,Labour,Life peer,Not Content
,020 7219 5353,Lord Haughey,False,contactholmember@parliament.uk,Labour,3,,,4296,Lord,Haughey,020 7219 5353,,,,,,
,020 7219 5353,Baroness Hazarika,False,contactholmember@parliament.uk,Labour,3,,,5024,Baroness,Hazarika,020 7219 5353,,,,,,
,020 7219 5353,Lord Hendy,False,contactholmember@parliament.uk,Labour,3,,,4723,Lord,Hendy,020 7219 5353,,,Lord Hendy,Labour,Life peer,Content
,020 7219 5353,Baroness Hodge of Barking,False,contactholmember@parliament.uk,Labour,3,,,140,Baroness,Hodge of Barking,020 7219 5353,,,Baroness Hodge of Barking,Labour,Life peer,Not Content
,020 7219 5353,Lord Hollick,False,contactholmember@parliament.uk,Labour,3,,,2732,Lord,Hollick,020 7219 5353,,,,,,
,020 7219 5353,Baroness Jay of Paddington,False,contactholmember@parliament.uk,Labour,3,,,1970,Baroness,Jay of Paddington,020 7219 5353,,,,,,
,020 7219 5353,Lord Jones,False,contactholmember@parliament.uk,Labour,3,,,530,Lord,Jones,020 7219 5353,,,,,,
,020 7219 5353,Lord Jordan,False,contactholmember@parliament.uk,Labour,3,,,2552,Lord,Jordan,020 7219 5353,,,,,,
no phone number to email ,020 7219 5353,Baroness Longfield,False,contactholmember@parliament.uk,Labour,3,,,5392,Baroness,Longfield,020 7219 5353,,,Baroness Longfield,Labour,Life peer,Not Content
,020 7219 5353,Baroness Mallalieu,False,mallalieua@parliament.uk,Labour,3,,,1846,Baroness,Mallalieu,020 7219 5353,,,,,,
,020 7219 5353,Baroness Mattinson,False,contactholmember@parliament.uk,Labour,3,,,5395,Baroness,Mattinson,020 7219 5353,,,Baroness Mattinson,Labour,Life peer,Not Content
Only contactable by email,020 7219 5353,Lord McCabe,False,contactholmember@parliament.uk,Labour,3,,,298,Lord,McCabe,020 7219 5353,,,Lord McCabe,Labour,Life peer,Not Content
Voicemail left,020 7219 5353,Lord Mendelsohn,False,contactholmember@parliament.uk,Labour,3,,,4286,Lord,Mendelsohn,020 7219 5353,,,,,,
,020 7219 5353,Baroness Morgan of Drefelin,False,contactholmember@parliament.uk,Labour,3,,,3685,Baroness,Morgan of Drefelin,020 7219 5353,,,Baroness Morgan of Drefelin,Labour,Life peer,Not Content
Left voicemail,020 7219 5353,Baroness Morris of Yardley,False,morrise@parliament.uk,Labour,3,,,305,Baroness,Morris of Yardley,020 7219 5353,,,Baroness Morris of Yardley,Labour,Life peer,Not Content
,020 7219 5353,Baroness Nichols of Selby,False,contactholmember@parliament.uk,Labour,3,,,5393,Baroness,Nichols of Selby,020 7219 5353,,,,,,
,020 7219 5353,Baroness Nye,False,contactholmember@parliament.uk,Labour,3,,,4180,Baroness,Nye,020 7219 5353,,,,,,
,020 7219 5353,Baroness Osamor,False,contactholmember@parliament.uk,Labour,3,,,4711,Baroness,Osamor,020 7219 5353,,,,,,
,020 7219 5353,Lord Parekh,False,contactholmember@parliament.uk,Labour,3,,,2545,Lord,Parekh,020 7219 5353,,,,,,
,020 7219 5353,Baroness Primarolo,False,contactholmember@parliament.uk,Labour,3,,,217,Baroness,Primarolo,020 7219 5353,,,,,,
unable to be contacted by phone?,020 7219 5353,Baroness Rafferty,False,contactholmember@parliament.uk,Labour,3,,,5400,Baroness,Rafferty,020 7219 5353,,,,,,
,020 7219 5353,Baroness Ramsay of Cartvale,False,contactholmember@parliament.uk,Labour,3,,,3276,Baroness,Ramsay of Cartvale,020 7219 5353,,,Baroness Ramsay of Cartvale,Labour,Life peer,Not Content
,020 7219 5353,Baroness Ramsey of Wall Heath,False,contactholmember@parliament.uk,Labour,3,,,5022,Baroness,Ramsey of Wall Heath,020 7219 5353,,,,,,
,020 7219 5353,Lord Raval,False,contactholmember@parliament.uk,Labour,3,,,5388,Lord,Raval,020 7219 5353,,,Lord Raval,Labour,Life peer,Not Content
,020 7219 5353,Baroness Rebuck,False,contactholmember@parliament.uk,Labour,3,,,4332,Baroness,Rebuck,020 7219 5353,,,,,,
voicemail,020 7219 5353,Lord Rook,False,contactholmember@parliament.uk,Labour,3,,,5378,Lord,Rook,020 7219 5353,,,Lord Rook,Labour,Life peer,Not Content
,020 7219 5353,Lord Sahota,False,contactholmember@parliament.uk,Labour,3,,,4963,Lord,Sahota,020 7219 5353,,,Lord Sahota,Labour,Life peer,Not Content
,020 7219 5353,Lord Sawyer,False,contactholmember@parliament.uk,Labour,3,,,2105,Lord,Sawyer,020 7219 5353,,,,,,
,020 7219 5353,Baroness Scotland of Asthal,False,contactholmember@parliament.uk,Labour,3,,,2099,Baroness,Scotland of Asthal,020 7219 5353,,,,,,
No phone number ,020 7219 5353,Lord Shamash,False,contactholmember@parliament.uk,Labour,3,,,5013,Lord,Shamash,020 7219 5353,,,,,,
,020 7219 5353,Lord Sikka,False,contactholmember@parliament.uk,Labour,3,,,4885,Lord,Sikka,020 7219 5353,,,,,,
"Fully supportive, will not be voting with the government!!‚ù§Ô∏è",020 7219 5353,Lord Snape,False,contactholmember@parliament.uk,Labour,3,,,319,Lord,Snape,020 7219 5353,,,,,,
Voicemail left ,020 7219 5353,Lord Spellar,False,contactholmember@parliament.uk,Labour,3,,,318,Lord,Spellar,020 7219 5353,,,Lord Spellar,Labour,Life peer,Not Content
,020 7219 5353,Viscount Stansgate,False,contactholmember@parliament.uk,Labour,3,,,4925,Viscount,Stansgate,020 7219 5353,,,Viscount Stansgate,Labour,Excepted Hereditary,Not Content
,020 7219 5353,Baroness Symons of Vernham Dean,False,contactholmember@parliament.uk,Labour,3,,,2233,Baroness,Symons of Vernham Dean,020 7219 5353,,,,,,
voicemail left,020 7219 5353,Lord Triesman,False,triesmand@parliament.uk,Labour,3,,,3651,Lord,Triesman,020 7219 5353,,,,,,
,020 7219 5353,Baroness Warwick of Undercliffe,False,contactholmember@parliament.uk,Labour,3,,,2471,Baroness,Warwick of Undercliffe,020 7219 5353,,,Baroness Warwick of Undercliffe,Labour,Life peer,Not Content
,020 7219 5353,Baroness Wilcox of Newport,False,contactholmember@parliament.uk,Labour,3,,,4730,Baroness,Wilcox of Newport,020 7219 5353,,,Baroness Wilcox of Newport,Labour,Life peer,Not Content
,020 7219 5353,Baroness Winterton of Doncaster,False,contactholmember@parliament.uk,Labour,3,,,390,Baroness,Winterton of Doncaster,020 7219 5353,,,,,,
,020 7219 5353,Lord Woodley,False,contactholmember@parliament.uk,Labour,3,,,4897,Lord,Woodley,020 7219 5353,,,,,,
left voicemail,020 7219 5353,Baroness Young of Old Scone,False,youngb@parliament.uk,Labour,3,,,1755,Baroness,Young of Old Scone,020 7219 5353,,,Baroness Young of Old Scone,Labour,Life peer,Not Content
,020 7219 5353,Lord Barber of Ainsdale,False,contactholmember@parliament.uk,Labour,3,,,5377,Barber,of Ainsdale,020 7219 5353,,,Lord Barber of Ainsdale,Labour,Life peer,Not Content
,020 7219 5353,Lord Brooke of Alverthorpe,False,contactholmember@parliament.uk,Labour,3,,,3335,Brooke,of Alverthorpe,020 7219 5353,,,,,,
Spoke directly. Said would follow whip. said I was making good arguments- said these arguments had already been made last night in labour lords meeting or soemthing like that. ,020 7219 5353,Lord Bassam of Brighton,False,bassams@parliament.uk,Labour,3,,,3504,Bassam,of Brighton,020 7219 5353,,,Lord Bassam of Brighton,Labour,Life peer,Not Content
,020 7219 5353,Lord Pitkeathley of Camden Town,False,contactholmember@parliament.uk,Labour,3,,,5384,Pitkeathley,of Camden Town,020 7219 5353,,,Lord Pitkeathley of Camden Town,Labour,Life peer,Not Content
,020 7219 5353,Lord Brennan of Canton,False,contactholmember@parliament.uk,Labour,3,,,1400,Brennan,of Canton,020 7219 5353,,,,,,
,020 7219 5353,Lord Reid of Cardowan,False,contactholmember@parliament.uk,Labour,3,,,617,Reid,of Cardowan,020 7219 5353,,,Lord Reid of Cardowan,Labour,Life peer,Not Content
,020 7219 5353,Lord Carter of Coles,False,contactholmember@parliament.uk,Labour,3,,,3680,Carter,of Coles,020 7219 5353,,,,,,
,020 7219 5353,Lord Rees of Easton,False,contactholmember@parliament.uk,Labour,3,,,5397,Rees,of Easton,020 7219 5353,,,Lord Rees of Easton,Labour,Life peer,Not Content
,020 7219 5353,Lord Hannett of Everton,False,contactholmember@parliament.uk,Labour,3,,,5021,Hannett,of Everton,020 7219 5353,,,,,,
,020 7219 5353,Lord Smith of Finsbury,False,contactholmember@parliament.uk,Labour,3,,,186,Smith,of Finsbury,020 7219 5353,,,,,,
,020 7219 5353,Lord Davidson of Glen Clova,False,contactholmember@parliament.uk,Labour,3,,,3781,Davidson,of Glen Clova,020 7219 5353,,,,,,
Voice message,020 7219 5353,Lord Irvine of Lairg,False,contactholmember@parliament.uk,Labour,3,,,1976,Irvine,of Lairg,020 7219 5353,,,,,,
Email only - NEY,020 7219 5353,Lord Howarth of Newport,False,contactholmember@parliament.uk,Labour,3,,,544,Howarth,of Newport,020 7219 5353,,,Lord Howarth of Newport,Labour,Life peer,Not Content
Jonesch@parliament.uk - only contactable by email,020 7219 5353,Lord Jones of Penybont,False,jonesch@parliament.uk,Labour,3,,,5383,Jones,of Penybont,020 7219 5353,,,,,,
"Voting for ‚ùå‚ùå refused to engage citing PA's ""violence"" against British security",020 7219 5353,Lord Robertson of Port Ellen,False,robertsong@parliament.uk,Labour,3,,,672,Robertson,of Port Ellen,020 7219 5353,,,Lord Robertson of Port Ellen,Labour,Life peer,Not Content
Voicemail,020 7219 5353,Lord West of Spithead,False,westaa@parliament.uk,Labour,3,,,3834,West,of Spithead,020 7219 5353,,,,,,
no record,020 7219 5353,Lord Falconer of Thoroton,False,contactholmember@parliament.uk,Labour,3,,,2758,Falconer,of Thoroton,020 7219 5353,,,Lord Falconer of Thoroton,Labour,Life peer,Not Content
Only contactable by email,020 7219 5353,Lord Evans of Watford,False,contactholmember@parliament.uk,Labour,3,,,2766,Evans,of Watford,020 7219 5353,,,,,,
,020 7219 5353,Lord Faulkner of Worcester,False,contactholmember@parliament.uk,Labour,3,,,2472,Faulkner,of Worcester,020 7219 5353,,,,,,
Instantly turned off when called,020 7219 5500,Baroness Morgan of Huyton,False,morgan@parliament.uk,Labour,3,,,2168,Baroness,Morgan of Huyton,020 7219 5500,,,,,,
voicemail,020 7219 5880,Baroness Goudie,False,goudie@parliament.uk,Labour,3,,,3575,Baroness,Goudie,020 7219 5880,,,Baroness Goudie,Labour,Life peer,Not Content
voicemail,020 7219 6193,Lord Murphy of Torfaen,False,murphypp@parliament.uk,Labour,3,,,546,Murphy,of Torfaen,020 7219 6193,,,,,,
voicemail left,020 7219 6704,Lord McNicol of West Kilbride,False,mcnicoli@parliament.uk,Labour,3,,,4702,McNicol,of West Kilbride,020 7219 6704,,,Lord McNicol of West Kilbride,Labour,Life peer,Not Content
,020 7219 6943,Lord Monks,False,monksj@parliament.uk,Labour,3,,,4186,Lord,Monks,020 7219 6943,,,,,,
voicemail,020 7219 7500,Lord Goldsmith,False,goldsmithp@parliament.uk,Labour,3,,,2490,Lord,Goldsmith,020 7219 7500,,,Lord Goldsmith,Labour,Life peer,Not Content
voicemail left,020 7219 8130,Lord Mann,False,mannjl@parliament.uk,Labour,3,,,1387,Lord,Mann,020 7219 8130,,,Lord Mann,Labour,Life peer,Not Content
"On the fence; leaning towards govt
own parents were proscribed 70 years ago but has been briefed by ministers",020 7219 8502,Baroness Thornton,False,thorntong@parliament.uk,Labour,3,,,1782,Baroness,Thornton,020 7219 8502,,,Baroness Thornton,Labour,Life peer,Not Content
voicemail,020 7219 8513,Lord Harris of Haringey,False,harrist@parliament.uk,Labour,3,,,2671,Harris,of Haringey,020 7219 8513,,,,,,
Voicemail left ,020 7219 8616,Lord Morgan,False,kenneth.morgan@hotmail.co.uk,Labour,3,,,2555,Lord,Morgan,020 7219 8616,,,,,,
,020 7219 8657,Lord Mitchell,False,parrym@parliament.uk,Labour,3,,,2570,Lord,Mitchell,020 7219 8657,,,,,,
,020 7219 8731,Lord Watson of Invergowrie,False,watsonm@parliament.uk,Labour,3,,,1241,Watson,of Invergowrie,020 7219 8731,,,Lord Watson of Invergowrie,Labour,Life peer,Not Content
,020 7219 8732,Baroness McIntosh of Hudnall,False,mcintoshg@parliament.uk,Labour,3,,,2506,Baroness,McIntosh of Hudnall,020 7219 8732,,,,,,
Voicemail,020 7219 8912,Baroness Healy of Primrose Hill,False,healyab@parliament.uk,Labour,3,,,4179,Baroness,Healy of Primrose Hill,020 7219 8912,,,,,,
,020 7219 8913,Lord McConnell of Glenscorrodale,False,mcconnellj@parliament.uk,Labour,3,,,4168,McConnell,of Glenscorrodale,020 7219 8913,,,,,,
voicemail left,020 7219 8914,Lord Stevenson of Balmacara,False,stevensonw@parliament.uk,Labour,3,,,4175,Stevenson,of Balmacara,020 7219 8914,,,,,,
phone rang and cut off- maybe try later,020 7219 8984,Baroness Lister of Burtersett,False,listerr@parliament.uk,Labour,3,,,4234,Baroness,Lister of Burtersett,020 7219 8984,,,,,,
Not in house today,020 7766 6065,Lord Allen of Kensington,False,allenc@parliament.uk,Labour,3,,,4304,Allen,of Kensington,020 7766 6065,,,,,,
,0207 219 5353,Baroness O'Grady of Upper Holloway,False,contactholmember@parliament.uk,Labour,3,,,4977,Baroness,O'Grady of Upper Holloway,0207 219 5353,,,Baroness O'Grady of Upper Holloway,Labour,Life peer,Content
,0207 219 5353,Lord Watson of Wyre Forest,False,contactholmember@parliament.uk,Labour,3,,,1463,Watson,of Wyre Forest,0207 219 5353,,,Lord Watson of Wyre Forest,Labour,Life peer,Not Content
Voicemail,0207 219 8209,Lord Knight of Weymouth,False,knightja@parliament.uk,Labour,3,,,4160,Knight,of Weymouth,0207 219 8209,,,,,,
,0208 405 8473,Lord Griffiths of Burry Port,False,griffithslj@parliament.uk,Labour,3,,,3707,Griffiths,of Burry Port,0208 405 8473,,,,,,
Voicemail,,Lord Kinnock,False,kinnockn@parliament.uk,Labour,3,,,693,Lord,Kinnock,020 7219 8304,,,,,,
Voicemail,207 219 6344,Baroness Ritchie of Downpatrick,False,ritchiem@parliament.uk,Labour,3,,,4130,Baroness,Ritchie of Downpatrick,207 219 6344,,,,,,
Only contactable by email,Email via contactholmember@parliament.uk subject: for the attention of lord Evan's of sealand ,Lord Evans of Sealand,False,contactholmember@parliament.uk,Labour,3,,,5376,Evans,of Sealand,020 7219 5353,,,Lord Evans of Sealand,Labour,Life peer,Not Content
,,Baroness Kingsmill,False,contactholmember@parliament.uk,Labour,3,,,3788,Baroness,Kingsmill,020 7219 5353,,,,,,
